frame,t_rel_s,region_mean_abs_diff,control_mean_abs_diff,track_score
201,-5.319999999999999,2.3159401416778564,2.830566644668579,0.980756938457489
202,-5.303332999999999,1.9739882946014404,2.1543922424316406,0.9778669476509094
203,-5.286665999999999,2.060762405395508,3.2581968307495117,0.9755771160125732
204,-5.27,2.279141902923584,4.302322864532471,0.9755122065544128
205,-5.253333,1.0519750118255615,2.237098217010498,0.9762912392616272
206,-5.236666,3.022135019302368,2.9870498180389404,0.9759144186973572
207,-5.219999999999999,1.6882117986679077,2.308957099914551,0.9746694564819336
208,-5.203332999999999,1.938943862915039,2.3858866691589355,0.9720049500465393
209,-5.186665999999999,1.2178022861480713,3.2541801929473877,0.9721590876579285
210,-5.17,1.6190513372421265,3.629382371902466,0.968888521194458
211,-5.153333,3.4600934982299805,5.207775115966797,0.967035710811615
212,-5.136666,2.067176103591919,4.381156921386719,0.9661001563072205
213,-5.119999999999999,1.726567029953003,1.9319357872009277,0.9673545360565186
214,-5.103332999999999,1.6086499691009521,2.0527727603912354,0.9621678590774536
215,-5.086665999999999,1.4452316761016846,2.519592046737671,0.9641284942626953
216,-5.069999999999999,1.326473593711853,3.540087938308716,0.9561482071876526
217,-5.053332999999999,3.516716957092285,3.8184759616851807,0.9569774866104126
218,-5.036665999999999,2.687443733215332,2.9842286109924316,0.9563117027282715
219,-5.02,1.7755131721496582,4.476563930511475,0.9527433514595032
220,-5.003333,2.1227874755859375,1.3281782865524292,0.9481024742126465
221,-4.986666,1.7558428049087524,3.3897643089294434,0.9450420141220093
222,-4.969999999999999,2.6906027793884277,2.2058815956115723,0.9415044188499451
223,-4.953332999999999,2.695263147354126,5.8965253829956055,0.9377126693725586
224,-4.936665999999999,3.7812819480895996,3.525177240371704,0.936653196811676
225,-4.92,2.8264341354370117,4.634164333343506,0.9379578828811646
226,-4.903333,11.387444496154785,6.608134746551514,0.9391852617263794
227,-4.886666,9.920044898986816,3.6526029109954834,0.9436506628990173
228,-4.869999999999999,6.33709192276001,3.8258891105651855,0.9440276622772217
229,-4.853332999999999,6.476997375488281,7.944802761077881,0.9514422416687012
230,-4.836665999999999,7.441333770751953,3.5709125995635986,0.9532172679901123
231,-4.819999999999999,8.472343444824219,6.5473127365112305,0.956767737865448
232,-4.803332999999999,5.520620346069336,5.3259758949279785,0.9556697607040405
233,-4.786665999999999,4.610544681549072,4.280869483947754,0.9608110785484314
234,-4.77,7.44716215133667,5.053258895874023,0.9634467959403992
235,-4.753333,4.193129062652588,5.5133867263793945,0.9666063189506531
236,-4.736666,4.348053932189941,2.1195573806762695,0.9656957387924194
237,-4.719999999999999,3.3230509757995605,4.431485652923584,0.9688092470169067
238,-4.703332999999999,4.206342697143555,1.7818737030029297,0.967128574848175
239,-4.686665999999999,3.398707628250122,3.391754627227783,0.9658949971199036
240,-4.67,4.2279863357543945,3.5320324897766113,0.9621567130088806
241,-4.653333,2.6094653606414795,4.8149566650390625,0.9613502621650696
242,-4.636666,3.431265354156494,3.698831796646118,0.962700366973877
243,-4.619999999999999,1.444291114807129,2.4400484561920166,0.9633227586746216
244,-4.603332999999999,3.1435718536376953,2.1965203285217285,0.9620265364646912
245,-4.586665999999999,3.094909906387329,2.058401584625244,0.9638530611991882
246,-4.569999999999999,3.4819090366363525,4.804605484008789,0.9644315242767334
247,-4.553332999999999,3.522573947906494,1.7765041589736938,0.9657896161079407
248,-4.536665999999999,3.362823963165283,5.648312091827393,0.9650378227233887
249,-4.52,3.5887272357940674,1.798365592956543,0.9690535068511963
250,-4.503333,2.8864927291870117,3.715207099914551,0.9661255478858948
251,-4.486666,3.137403964996338,1.2161879539489746,0.9684827923774719
252,-4.47,6.013941287994385,4.004589557647705,0.9657499194145203
253,-4.453333,4.1694655418396,7.270720481872559,0.9665428996086121
254,-4.436666,3.78934383392334,2.261989116668701,0.9680748581886292
255,-4.42,4.539942264556885,1.8646999597549438,0.966564953327179
256,-4.403333,3.7108962535858154,3.075732946395874,0.9614962935447693
257,-4.386666,4.782166957855225,5.1661906242370605,0.9650925993919373
258,-4.369999999999999,3.1357524394989014,1.6154253482818604,0.9638417363166809
259,-4.353332999999999,5.981075763702393,3.394665241241455,0.9626356363296509
260,-4.336665999999999,3.2867956161499023,1.1106126308441162,0.9577561616897583
261,-4.319999999999999,2.844982862472534,2.6085169315338135,0.9603109359741211
262,-4.303332999999999,2.8953428268432617,1.9763603210449219,0.9574671387672424
263,-4.286665999999999,5.818077087402344,5.9179911613464355,0.9527632594108582
264,-4.27,4.850371837615967,6.318933486938477,0.9505180716514587
265,-4.253333,7.056741714477539,5.829981327056885,0.9495171308517456
266,-4.236666,4.2758049964904785,2.3266232013702393,0.9468581080436707
267,-4.22,3.6961820125579834,1.765234351158142,0.9470604062080383
268,-4.203333,4.932779312133789,5.395103931427002,0.9455016851425171
269,-4.186666,4.883505344390869,2.6388144493103027,0.9506959319114685
270,-4.17,4.371310234069824,3.4181671142578125,0.9518997669219971
271,-4.153333,2.6991751194000244,3.8278868198394775,0.9533969163894653
272,-4.136666,2.699064016342163,4.143294811248779,0.9537228941917419
273,-4.119999999999999,2.69724178314209,2.2315351963043213,0.9573756456375122
274,-4.103332999999999,1.7456469535827637,2.4786903858184814,0.9559636116027832
275,-4.086665999999999,3.320404052734375,4.446305751800537,0.9564119577407837
276,-4.069999999999999,1.6159344911575317,2.146667957305908,0.9569253325462341
277,-4.053332999999999,3.2251076698303223,2.4481894969940186,0.9616684317588806
278,-4.036665999999999,1.4219692945480347,2.601822853088379,0.9650248885154724
279,-4.02,1.7460753917694092,3.2181622982025146,0.967920184135437
280,-4.003333,3.6417410373687744,4.427400588989258,0.9680153727531433
281,-3.9866659999999996,2.1582157611846924,3.667800188064575,0.9731797575950623
282,-3.9699999999999998,2.2567367553710938,2.3855035305023193,0.975036084651947
283,-3.9533329999999998,1.9666223526000977,2.18638014793396,0.9745355248451233
284,-3.9366659999999998,3.6172351837158203,5.869388580322266,0.9738654494285583
285,-3.92,3.6418328285217285,4.216717720031738,0.9749413132667542
286,-3.903333,2.1397271156311035,4.1395955085754395,0.9737471342086792
287,-3.886666,2.75022029876709,5.782003879547119,0.9704996943473816
288,-3.869999999999999,2.6512863636016846,4.906713962554932,0.9702138304710388
289,-3.8533329999999992,2.012489080429077,4.236907005310059,0.9657281041145325
290,-3.8366659999999992,1.6575357913970947,4.160621166229248,0.9613569378852844
291,-3.8199999999999994,5.748824596405029,8.445040702819824,0.9418590664863586
292,-3.8033329999999994,3.9851620197296143,4.406378746032715,0.9197167158126831
293,-3.7866659999999994,4.405285835266113,6.16358757019043,0.9383940100669861
294,-3.7699999999999996,1.488905668258667,3.0192832946777344,0.9505631327629089
295,-3.7533329999999996,2.9516615867614746,6.018551349639893,0.9483941793441772
296,-3.7366659999999996,1.307395100593567,4.166143417358398,0.9433819651603699
297,-3.7199999999999998,3.0951027870178223,2.9468860626220703,0.9420843124389648
298,-3.7033329999999998,2.4593472480773926,6.520451545715332,0.9425324201583862
299,-3.6866659999999998,2.592164993286133,4.709166526794434,0.9405097365379333
300,-3.67,2.6995155811309814,1.801813006401062,0.9376253485679626
301,-3.653333,2.893134117126465,3.1229352951049805,0.9397890567779541
302,-3.636666,3.1403465270996094,4.823178291320801,0.9397801756858826
303,-3.619999999999999,2.122391939163208,4.998798370361328,0.9425595998764038
304,-3.6033329999999992,2.01096510887146,2.7750210762023926,0.9406739473342896
305,-3.5866659999999992,1.9437073469161987,4.380420207977295,0.9414759874343872
306,-3.5699999999999994,2.398160219192505,3.3351712226867676,0.9422577619552612
307,-3.5533329999999994,2.5027995109558105,4.779760837554932,0.9403840899467468
308,-3.5366659999999994,2.2494866847991943,3.5515687465667725,0.9405575394630432
309,-3.5199999999999996,3.7946479320526123,2.736088752746582,0.9413208365440369
310,-3.5033329999999996,3.7160730361938477,7.368849277496338,0.9393816590309143
311,-3.4866659999999996,2.0590603351593018,3.20257568359375,0.9408230185508728
312,-3.4699999999999998,2.3757247924804688,5.890778541564941,0.9387090802192688
313,-3.4533329999999998,2.5992627143859863,6.177343845367432,0.9356433153152466
314,-3.4366659999999998,3.1823768615722656,4.407012462615967,0.9344390630722046
315,-3.42,3.7991433143615723,5.490848064422607,0.934451162815094
316,-3.403333,1.9331459999084473,2.5646862983703613,0.9262624979019165
317,-3.386666,3.664172410964966,6.489207744598389,0.9131255149841309
318,-3.369999999999999,6.156954288482666,3.0368525981903076,0.9073214530944824
319,-3.3533329999999992,5.489771842956543,6.237131595611572,0.9038333892822266
320,-3.3366659999999992,5.172003746032715,5.556838035583496,0.9129478931427002
321,-3.3199999999999994,4.457919120788574,2.610894203186035,0.9207384586334229
322,-3.3033329999999994,2.062265634536743,4.12332820892334,0.923304557800293
323,-3.2866659999999994,1.7448551654815674,4.60256814956665,0.923867404460907
324,-3.2699999999999996,4.087184429168701,5.491865158081055,0.9208497405052185
325,-3.2533329999999996,3.0605883598327637,2.4502344131469727,0.9230322241783142
326,-3.2366659999999996,2.5721044540405273,4.609463214874268,0.9238051772117615
327,-3.2199999999999998,1.4428256750106812,4.0541791915893555,0.9246625900268555
328,-3.2033329999999998,2.4053235054016113,3.1536669731140137,0.9212958812713623
329,-3.1866659999999998,3.8295698165893555,2.955906391143799,0.9220969676971436
330,-3.17,2.640535354614258,4.777813911437988,0.9222086071968079
331,-3.153333,3.1548008918762207,5.416781902313232,0.922731339931488
332,-3.136666,4.643928050994873,3.0268750190734863,0.9246070981025696
333,-3.119999999999999,2.572726249694824,3.6963863372802734,0.9278668165206909
334,-3.1033329999999992,3.1153366565704346,4.687036037445068,0.9313992857933044
335,-3.0866659999999992,2.747140884399414,3.9860081672668457,0.9331746101379395
336,-3.0699999999999994,4.872589111328125,3.1508147716522217,0.9364510178565979
337,-3.0533329999999994,3.2594316005706787,5.606940746307373,0.9395259022712708
338,-3.0366659999999994,5.780510902404785,4.884146690368652,0.9451019763946533
339,-3.0199999999999996,2.702077627182007,4.574852466583252,0.9425755143165588
340,-3.0033329999999996,5.707465171813965,3.769263505935669,0.9435135722160339
341,-2.9866659999999996,2.697154998779297,3.510401725769043,0.9492877125740051
342,-2.9699999999999998,4.307974338531494,2.402846097946167,0.9527879357337952
343,-2.9533329999999998,2.860318183898926,2.2034263610839844,0.9516205787658691
344,-2.9366659999999998,1.709136962890625,2.7824106216430664,0.950001060962677
345,-2.92,3.9590039253234863,5.428682804107666,0.9487707614898682
346,-2.903333,3.544811248779297,2.5673325061798096,0.951307475566864
347,-2.886666,4.91259765625,2.81693696975708,0.945091962814331
348,-2.869999999999999,3.8697350025177,4.381644248962402,0.9500864148139954
349,-2.8533329999999992,4.433865547180176,3.3232181072235107,0.9526525139808655
350,-2.8366659999999992,2.102041244506836,3.540079355239868,0.9540154933929443
351,-2.8199999999999994,3.217165231704712,3.8579204082489014,0.9552040100097656
352,-2.8033329999999994,3.4862849712371826,2.845203399658203,0.9572992920875549
353,-2.7866659999999994,3.1919593811035156,3.580322504043579,0.9575899839401245
354,-2.7699999999999996,3.7847745418548584,3.256777048110962,0.961032509803772
355,-2.7533329999999996,3.8321292400360107,1.9786545038223267,0.9585515260696411
356,-2.7366659999999996,2.6395881175994873,3.8360018730163574,0.9613457322120667
357,-2.7199999999999998,2.239462375640869,2.3595709800720215,0.9609179496765137
358,-2.7033329999999998,4.0605950355529785,3.6024057865142822,0.9587329030036926
359,-2.6866659999999998,3.1096575260162354,3.3827927112579346,0.9604805111885071
360,-2.6683329999999996,4.639340877532959,3.9845821857452393,0.9577312469482422
361,-2.6516659999999996,3.0533299446105957,2.9849677085876465,0.9615726470947266
362,-2.635,2.5080575942993164,2.626211643218994,0.961264431476593
363,-2.618333,1.7393064498901367,3.2971105575561523,0.9615883231163025
364,-2.601666,3.64617657661438,5.747910499572754,0.9580495357513428
365,-2.584999999999999,2.8355515003204346,5.416409969329834,0.9617688655853271
366,-2.568332999999999,1.82464599609375,5.301577568054199,0.9622181057929993
367,-2.551665999999999,2.7539117336273193,5.928370475769043,0.9617993831634521
368,-2.5349999999999993,3.071155309677124,4.742683410644531,0.9589974284172058
369,-2.5183329999999993,4.807838439941406,7.556873798370361,0.958619236946106
370,-2.5016659999999993,5.220717430114746,5.074686050415039,0.9550391435623169
371,-2.4849999999999994,1.3694267272949219,3.208752393722534,0.9507833123207092
372,-2.4683329999999994,5.541096210479736,5.7609710693359375,0.9399654865264893
373,-2.4516659999999995,3.9643681049346924,3.0936732292175293,0.9476642608642578
374,-2.4349999999999996,4.805865287780762,4.9550323486328125,0.9547011852264404
375,-2.4183329999999996,5.738542079925537,7.703155994415283,0.9318393468856812
376,-2.4016659999999996,2.9591221809387207,3.778095245361328,0.8969472050666809
377,-2.385,4.481838226318359,9.610461235046387,0.8841642737388611
378,-2.368333,4.70810604095459,7.056898593902588,0.8909386992454529
379,-2.351666,4.201272010803223,9.113285064697266,0.8800970315933228
380,-2.334999999999999,4.591318130493164,4.540895462036133,0.8880703449249268
381,-2.318332999999999,3.2048890590667725,4.991654396057129,0.9249600768089294
382,-2.301665999999999,3.000880479812622,5.446806907653809,0.9664018750190735
383,-2.2849999999999993,3.9246153831481934,3.7751736640930176,0.9864076972007751
384,-2.2683329999999993,5.291839122772217,4.380860805511475,0.9929016828536987
385,-2.2516659999999993,3.1546192169189453,3.7660391330718994,1.0
386,-2.2349999999999994,2.137563943862915,3.500312566757202,0.9921655654907227
387,-2.2183329999999994,6.097276210784912,4.656807899475098,0.9884271025657654
388,-2.2016659999999995,1.493485927581787,2.671149492263794,0.9825382828712463
389,-2.1849999999999996,4.188469886779785,4.840079307556152,0.9875504970550537
390,-2.1683329999999996,2.858039140701294,2.7983109951019287,0.989448070526123
391,-2.1516659999999996,3.701613664627075,3.65124249458313,0.9810597896575928
392,-2.135,1.2665916681289673,1.897998571395874,0.9821822047233582
393,-2.118333,2.708165168762207,3.0049827098846436,0.9801044464111328
394,-2.101666,3.908803701400757,3.8317794799804688,0.9758629202842712
395,-2.084999999999999,3.288519859313965,3.7600483894348145,0.977449357509613
396,-2.068332999999999,4.175668239593506,3.1147842407226562,0.974239706993103
397,-2.051665999999999,2.5876059532165527,2.34153151512146,0.9800117015838623
398,-2.0349999999999993,2.746013879776001,2.2027170658111572,0.9735939502716064
399,-2.0183329999999993,4.0291924476623535,2.943790912628174,0.9762382507324219
400,-2.0016659999999993,3.2852025032043457,2.3751425743103027,0.97040194272995
401,-1.9849999999999994,5.18910026550293,3.2485640048980713,0.9676129221916199
402,-1.9683329999999994,2.5735085010528564,2.4647655487060547,0.9738274216651917
403,-1.9516659999999995,3.1599528789520264,3.178170919418335,0.9701207280158997
404,-1.9349999999999996,3.038482189178467,2.3962104320526123,0.9697723984718323
405,-1.9183329999999996,3.0062482357025146,1.9942845106124878,0.9732359051704407
406,-1.9016659999999996,2.9420459270477295,2.3282477855682373,0.9715614914894104
407,-1.8849999999999998,2.51448917388916,1.5252058506011963,0.9730883240699768
408,-1.8683329999999998,2.6524784564971924,2.558706521987915,0.9675346612930298
409,-1.8516659999999998,2.397369623184204,2.9434709548950195,0.9692687392234802
410,-1.834999999999999,4.0233988761901855,2.605255365371704,0.9662570953369141
411,-1.818332999999999,1.8042367696762085,1.6876773834228516,0.9635810256004333
412,-1.801665999999999,3.914024591445923,3.287689685821533,0.9596285820007324
413,-1.7849999999999993,2.1038472652435303,1.6496329307556152,0.9647437930107117
414,-1.7683329999999993,3.423072099685669,2.340674638748169,0.9608610272407532
415,-1.7516659999999993,3.5846962928771973,2.8811371326446533,0.9551588892936707
416,-1.7349999999999994,5.605561256408691,3.674217462539673,0.9535544514656067
417,-1.7183329999999994,2.0064969062805176,1.9064558744430542,0.9524785876274109
418,-1.7016659999999995,4.901073455810547,3.324833869934082,0.9487299919128418
419,-1.6849999999999996,2.525648832321167,1.837821125984192,0.9524474740028381
420,-1.6683329999999996,2.685518264770508,2.402503728866577,0.9473630785942078
421,-1.6516659999999996,4.222239971160889,2.052576780319214,0.9454124569892883
422,-1.6349999999999998,2.2604782581329346,1.4244134426116943,0.9475464820861816
423,-1.6183329999999998,2.38460636138916,1.914241075515747,0.94764244556427
424,-1.6016659999999998,4.710858345031738,2.1893279552459717,0.9404678344726562
425,-1.584999999999999,3.9614174365997314,2.6573574542999268,0.9464693665504456
426,-1.568332999999999,2.2090866565704346,1.6207427978515625,0.9463664293289185
427,-1.551665999999999,6.256963729858398,8.350720405578613,0.9222535490989685
428,-1.5349999999999993,5.339137077331543,3.1859772205352783,0.9250428676605225
429,-1.5183329999999993,3.4012482166290283,3.5422234535217285,0.9412521719932556
430,-1.5016659999999993,2.716442823410034,1.0452443361282349,0.9522112607955933
431,-1.4849999999999994,3.2607662677764893,2.735114097595215,0.9569768905639648
432,-1.4683329999999994,2.8609724044799805,2.2899515628814697,0.9608220458030701
433,-1.4516659999999995,1.9911983013153076,1.6048102378845215,0.9650145173072815
434,-1.4349999999999996,5.949860572814941,4.9847307205200195,0.9678432941436768
435,-1.4183329999999996,4.63588285446167,3.117387056350708,0.9710783958435059
436,-1.4016659999999996,4.853346347808838,4.820607662200928,0.9690167903900146
437,-1.3849999999999998,3.5592899322509766,2.043384075164795,0.9709164500236511
438,-1.3666659999999995,2.376600980758667,1.4632477760314941,0.9650629162788391
439,-1.3516659999999998,8.575498580932617,10.19036865234375,0.938703715801239
440,-1.334999999999999,4.1578803062438965,2.2517597675323486,0.934640645980835
441,-1.318332999999999,6.469080448150635,5.975756645202637,0.9222447276115417
442,-1.301665999999999,3.927218437194824,3.0390079021453857,0.913792073726654
443,-1.2849999999999993,4.490932464599609,1.6417807340621948,0.9021774530410767
444,-1.2683329999999993,3.999331474304199,5.549749374389648,0.8872534036636353
445,-1.2516659999999993,6.999877452850342,5.937702178955078,0.8817071318626404
446,-1.2349999999999994,3.0202319622039795,3.399636745452881,0.8715705275535583
447,-1.2183329999999994,7.082221031188965,6.770092964172363,0.8713855743408203
448,-1.2016659999999995,4.937614440917969,6.030334949493408,0.8655490875244141
449,-1.1849999999999996,4.5036301612854,5.1333842277526855,0.8650637865066528
450,-1.1683329999999996,2.808720350265503,3.9115898609161377,0.8675445914268494
451,-1.1516659999999996,3.9945101737976074,4.023999214172363,0.8669720888137817
452,-1.1349999999999998,2.244713068008423,3.782217264175415,0.8639515042304993
453,-1.1183329999999998,3.777104377746582,3.9749083518981934,0.8685507774353027
454,-1.1016659999999998,4.77128267288208,4.892989635467529,0.8656092286109924
455,-1.084999999999999,2.4955196380615234,4.254862308502197,0.8678532242774963
456,-1.068332999999999,5.607287883758545,4.069736957550049,0.8693245649337769
457,-1.051665999999999,2.1053738594055176,3.601567506790161,0.8761181831359863
458,-1.0349999999999993,5.087011814117432,2.8017969131469727,0.8797717690467834
459,-1.0183329999999993,2.4607720375061035,4.38502836227417,0.8859954476356506
460,-1.0016659999999993,4.996946334838867,1.2080270051956177,0.8849382400512695
461,-0.9849999999999994,3.6369783878326416,5.138416290283203,0.8950625658035278
462,-0.9683329999999994,3.721702814102173,4.005089282989502,0.8961485624313354
463,-0.9516659999999995,3.386802911758423,1.5045870542526245,0.903990626335144
464,-0.9349999999999996,2.200190544128418,3.756305694580078,0.9051935076713562
465,-0.9183329999999996,2.334275484085083,2.742727041244507,0.9157629609107971
466,-0.9016659999999996,3.3128368854522705,3.864532470703125,0.9084296226501465
467,-0.8849999999999998,4.467731475830078,5.148049354553223,0.9126452207565308
468,-0.8683329999999998,3.2347850799560547,3.29241943359375,0.9074543118476868
469,-0.8516659999999998,4.421515464782715,3.309950351715088,0.9102900624275208
470,-0.8349999999999991,3.1529924869537354,1.4615588188171387,0.9068007469177246
471,-0.8183329999999991,4.348368167877197,2.8158135414123535,0.9029203653335571
472,-0.8016659999999991,2.5080790519714355,1.7908953428268433,0.9081674814224243
473,-0.7849999999999993,2.41813063621521,3.1045994758605957,0.9103273749351501
474,-0.7683329999999993,6.172391891479492,3.4770350456237793,0.9130274653434753
475,-0.7516659999999993,3.462948799133301,1.6025210618972778,0.9165407419204712
476,-0.7349999999999994,6.318185329437256,2.2425732612609863,0.9162548780441284
477,-0.7183329999999994,4.29839563369751,1.9594866037368774,0.9188165664672852
478,-0.7016659999999995,5.967856407165527,4.925095558166504,0.9203667044639587
479,-0.6849999999999996,4.304258346557617,1.0346131324768066,0.9229843616485596
480,-0.6683329999999987,5.021640777587891,0.9581113457679749,0.9217079877853394
481,-0.6516659999999987,2.3172221183776855,3.310192108154297,0.9287185668945312
482,-0.6349999999999998,3.6308419704437256,1.4291133880615234,0.9272067546844482
483,-0.6166660000000004,4.220803260803223,1.166721224784851,0.9315947890281677
484,-0.5999999999999996,6.171535015106201,2.5285937786102295,0.9300140738487244
485,-0.5833329999999997,4.347446918487549,2.4378435611724854,0.9369083642959595
486,-0.5666659999999997,4.0051774978637695,2.0457353591918945,0.9382269978523254
487,-0.5499999999999989,5.012252330780029,1.7992708683013916,0.9286878705024719
488,-0.533332999999999,4.4948601722717285,1.5228124856948853,0.9104725122451782
489,-0.516665999999999,3.721090078353882,2.794971466064453,0.9073584675788879
490,-0.5,4.3227739334106445,1.015689492225647,0.898101806640625
491,-0.483333,4.612117767333984,2.8106844425201416,0.8977436423301697
492,-0.466666,4.016396522521973,0.9241170883178711,0.8965820074081421
493,-0.4499999999999993,7.141243934631348,4.06972599029541,0.8952603936195374
494,-0.4333329999999993,5.37608528137207,1.4327728748321533,0.8943672776222229
495,-0.4166659999999993,6.702408790588379,2.3121304512023926,0.8940944671630859
496,-0.40000000000000036,9.356145858764648,3.5501413345336914,0.8875151872634888
497,-0.38333300000000037,7.74856424331665,2.2271180152893066,0.8939933776855469
498,-0.3666660000000004,6.002224922180176,1.967279314994812,0.8957338333129883
499,-0.34999999999999964,5.447831630706787,2.954646587371826,0.900902271270752
500,-0.33333299999999966,3.053687810897827,2.634997606277466,0.9093068242073059
501,-0.31666599999999967,3.4566526412963867,1.9269952774047852,0.9195337891578674
502,-0.29999999999999893,2.942704439163208,2.6225669384002686,0.9223403334617615
503,-0.28333299999999895,2.8055431842803955,1.8049168586730957,0.9307669401168823
504,-0.26666599999999896,4.189610958099365,3.3407416343688965,0.9347440004348755
505,-0.25,3.8421337604522705,4.191924571990967,0.9426481127738953
506,-0.233333,3.4790279865264893,3.1804451942443848,0.9499073028564453
507,-0.21666600000000003,3.1970162391662598,2.9283270835876465,0.9537172317504883
508,-0.1999999999999993,5.328998565673828,4.494379997253418,0.9509065747261047
509,-0.1833329999999993,1.7516682147979736,0.7350594997406006,0.9590586423873901
510,-0.16666599999999931,3.775570869445801,2.5623128414154053,0.9634021520614624
511,-0.15000000000000036,4.995323181152344,3.0318799018859863,0.9591179490089417
512,-0.13333300000000037,5.824521541595459,3.55134916305542,0.960883378982544
513,-0.11666600000000038,2.6375033855438232,2.6070051193237305,0.9657785892486572
514,-0.09999999999999964,4.557394504547119,2.6966865062713623,0.9657257795333862
515,-0.08333299999999966,5.697122573852539,3.754379987716675,0.9677519202232361
516,-0.06666599999999967,2.491835594177246,1.5953199863433838,0.9680163860321045
517,-0.049999999999998934,3.683730363845825,3.925187349319458,0.9668593406677246
518,-0.03333299999999895,3.4745101928710938,1.0225508213043213,0.9630836248397827
519,-0.01666599999999896,5.778553009033203,2.6748623847961426,0.9570304155349731
520,0.0,4.6551032066345215,3.2099640369415283,0.9514161348342896
521,0.016666999999999987,7.285747528076172,4.032993316650391,0.9505739212036133
522,0.033333999999999975,3.774850368499756,1.1965104341506958,0.9471311569213867
523,0.05000000000000071,2.60976505279541,1.9656411409378052,0.9481319189071655
524,0.0666670000000007,2.994774580001831,3.4818687438964844,0.9417530298233032
525,0.08333400000000069,4.500591278076172,3.3810925483703613,0.9470681548118591
526,0.09999999999999964,3.7291693687438965,5.212386131286621,0.9342890977859497
527,0.11666699999999963,4.6294989585876465,5.57069206237793,0.8985175490379333
528,0.13333399999999962,4.752283096313477,5.677713394165039,0.8689878582954407
529,0.15000000000000036,4.524843215942383,7.389050006866455,0.890625
530,0.16666700000000034,3.779308795928955,7.990199565887451,0.9262723922729492
531,0.18333400000000033,4.3845062255859375,8.846903800964355,0.9336488246917725
532,0.20000000000000107,5.218759536743164,13.616220474243164,0.930927038192749
533,0.21666700000000105,4.323471546173096,10.477662086486816,0.9359197020530701
534,0.23333400000000104,3.3197689056396484,7.477250576019287,0.9378185272216797
535,0.25,4.034294605255127,7.027413368225098,0.9369887709617615
536,0.266667,3.040332555770874,4.570618629455566,0.9366765022277832
537,0.283334,4.28096342086792,4.8521318435668945,0.9373786449432373
538,0.3000000000000007,4.640202045440674,3.5982377529144287,0.9307985901832581
539,0.3166670000000007,4.892238140106201,7.493974685668945,0.9347018003463745
540,0.3333340000000007,5.9971537590026855,5.158313274383545,0.9359638690948486
541,0.34999999999999964,6.279484748840332,4.235172271728516,0.9362884759902954
542,0.36666699999999963,4.127170562744141,1.7888058423995972,0.9364389181137085
543,0.3833339999999996,3.6935763359069824,1.6328459978103638,0.9349021911621094
544,0.40000000000000036,4.54718017578125,1.5822793245315552,0.9309159517288208
545,0.41666700000000034,4.541047096252441,1.5874912738800049,0.9373661279678345
546,0.43333400000000033,4.6004638671875,4.465255260467529,0.9415300488471985
547,0.45000000000000107,3.565152645111084,3.2713232040405273,0.9481952786445618
548,0.46666700000000105,3.53008770942688,3.0397322177886963,0.9490127563476562
549,0.48333400000000104,6.651648998260498,4.537113189697266,0.944780707359314
550,0.5,5.438961505889893,2.821626901626587,0.9391407370567322
551,0.516667,3.871852159500122,6.282102108001709,0.932592511177063
552,0.533334,6.7503533363342285,2.665231943130493,0.9138224124908447
553,0.5500000000000007,7.799139976501465,4.199476718902588,0.8931318521499634
554,0.5666670000000007,9.468599319458008,3.6942062377929688,0.868332028388977
555,0.5833340000000007,9.423823356628418,2.0012598037719727,0.8452462553977966
556,0.5999999999999996,13.132923126220703,6.222999572753906,0.8245331048965454
557,0.6166669999999996,8.085864067077637,4.27465295791626,0.813537061214447
558,0.6333339999999996,10.327266693115234,4.17576265335083,0.8000773191452026
559,0.6500000000000004,7.088489055633545,2.9642398357391357,0.7916354537010193
560,0.6666670000000003,8.782615661621094,3.2189979553222656,0.7846851944923401
561,0.6833340000000003,7.654517650604248,3.510223150253296,0.7704955339431763
562,0.7000000000000011,5.605137825012207,7.353216648101807,0.7483896017074585
563,0.716667000000001,5.697603225708008,6.220545768737793,0.7357510924339294
564,0.733334000000001,2.3941075801849365,9.645637512207031,0.7380990386009216
565,0.75,5.296177387237549,13.153532028198242,0.7483869791030884
566,0.766667,2.4058518409729004,12.123047828674316,0.7474415898323059
567,0.783334,2.2162210941314697,15.351369857788086,0.7663112878799438
568,0.8000000000000007,2.8860816955566406,13.121551513671875,0.7833998799324036
569,0.8166670000000007,3.2565534114837646,11.78913688659668,0.8116252422332764
570,0.8333340000000007,6.490076541900635,10.632168769836426,0.8443539142608643
571,0.8499999999999996,3.2326231002807617,11.654719352722168,0.853171169757843
572,0.8666669999999996,3.822688341140747,7.757857322692871,0.842994213104248
573,0.8833339999999996,4.370809555053711,8.173701286315918,0.8354719281196594
574,0.9000000000000004,2.8979978561401367,6.862555980682373,0.8296444416046143
575,0.9166670000000003,6.034308910369873,8.220121383666992,0.8269690871238708
576,0.9333340000000003,3.7810654640197754,6.620776176452637,0.8187147378921509
577,0.9500000000000011,4.317929267883301,9.111299514770508,0.8231953382492065
578,0.966667000000001,4.452654838562012,7.733963489532471,0.8200188875198364
579,0.983334000000001,5.088167190551758,7.4408111572265625,0.824691891670227
580,1.0,2.87880277633667,6.294868469238281,0.8202268481254578
581,1.016667,4.339742183685303,7.210509777069092,0.8218098878860474
582,1.033334,4.676759719848633,8.361930847167969,0.8153380751609802
583,1.0500000000000007,3.334569215774536,6.690535545349121,0.8122846484184265
584,1.0666670000000007,3.2572829723358154,6.026773452758789,0.8075442314147949
585,1.0833340000000007,4.610261917114258,9.528205871582031,0.8068739175796509
586,1.0999999999999996,5.246776580810547,4.279649257659912,0.8064678907394409
587,1.1166669999999996,2.8904147148132324,5.86436653137207,0.7963957190513611
588,1.1333339999999996,7.7070536613464355,12.20876693725586,0.7850749492645264
589,1.1500000000000004,3.72869610786438,9.13808822631836,0.7753238081932068
590,1.1666670000000003,3.592588424682617,5.134829998016357,0.7780466675758362
591,1.1833340000000003,4.175041198730469,8.652393341064453,0.7777183055877686
592,1.200000000000001,3.0065715312957764,6.669832706451416,0.7843025326728821
593,1.216667000000001,4.2896199226379395,4.5863776206970215,0.7921838760375977
594,1.233334000000001,3.7064449787139893,6.607969760894775,0.7951168417930603
595,1.25,3.7050676345825195,5.118973255157471,0.7959134578704834
596,1.266667,3.940716028213501,5.9838714599609375,0.7994660139083862
597,1.283334,4.41243314743042,4.223059177398682,0.8017382025718689
598,1.3000000000000007,3.956097364425659,4.721866130828857,0.8002551198005676
599,1.3166670000000007,4.962507247924805,7.096010684967041,0.8060224652290344
600,1.3333340000000007,5.938222408294678,7.143530368804932,0.809715986251831
601,1.3499999999999996,3.760838747024536,5.553433895111084,0.8248324990272522
602,1.3666669999999996,3.1001038551330566,4.25244665145874,0.8395504951477051
603,1.3833339999999996,3.6241188049316406,5.031407356262207,0.8507627844810486
604,1.4000000000000004,3.8814377784729004,5.571985244750977,0.8577510118484497
605,1.4166670000000003,3.0836000442504883,4.453851699829102,0.8682096600532532
606,1.4333340000000003,4.772501468658447,8.483810424804688,0.8763614296913147
607,1.450000000000001,4.147121906280518,5.897758960723877,0.885581374168396
608,1.466667000000001,5.095658779144287,8.339097023010254,0.8862844109535217
609,1.483334000000001,3.7441298961639404,6.462789058685303,0.8923206329345703
610,1.5,3.511157512664795,8.07778549194336,0.8901147246360779
611,1.516667,5.876367568969727,8.481176376342773,0.8931951522827148
612,1.533334,5.925328254699707,6.601409912109375,0.8945122957229614
613,1.5500000000000007,3.5910801887512207,5.897896766662598,0.8990647196769714
614,1.5666670000000007,4.303879737854004,6.879823684692383,0.8965489268302917
615,1.5833340000000007,5.126768112182617,8.040139198303223,0.897516667842865
616,1.5999999999999996,6.381645202636719,9.527414321899414,0.8948373794555664
617,1.6166669999999996,5.601802825927734,10.423986434936523,0.8994210958480835
618,1.6333339999999996,5.0277934074401855,7.527444362640381,0.8949810862541199
619,1.6500000000000004,4.078925132751465,8.62447452545166,0.8947473764419556
620,1.6666670000000003,4.1424713134765625,8.623950004577637,0.8908585906028748
621,1.6833340000000003,4.65017557144165,8.201713562011719,0.891063392162323
622,1.700000000000001,2.4088551998138428,8.449037551879883,0.8913207054138184
623,1.716667000000001,3.6357247829437256,8.841436386108398,0.8874771595001221
624,1.733334000000001,2.820868968963623,11.231165885925293,0.8866176009178162
625,1.75,4.965737342834473,9.493124961853027,0.8918843269348145
626,1.766667,4.263014793395996,12.649890899658203,0.9050456881523132
627,1.783334,6.210060119628906,9.660568237304688,0.9130545854568481
628,1.8000000000000007,7.752999782562256,11.819915771484375,0.8974741697311401
629,1.8166670000000007,6.2310638427734375,10.934661865234375,0.8878823518753052
630,1.8333340000000007,4.995378494262695,9.943982124328613,0.8818570971488953
631,1.8499999999999996,7.314998626708984,8.313009262084961,0.8719505667686462
632,1.8683340000000008,5.5475311279296875,8.735230445861816,0.8634055852890015
633,1.8849999999999998,6.633365154266357,6.859150409698486,0.8645650744438171
634,1.9016669999999998,5.2873077392578125,6.490167617797852,0.8618620038032532
635,1.9183339999999998,4.190154075622559,5.282434463500977,0.8646822571754456
636,1.9350000000000005,6.809951305389404,3.9532341957092285,0.8601514101028442
637,1.9516670000000005,5.6658406257629395,3.0156164169311523,0.8579673767089844
638,1.9683340000000005,3.1898481845855713,3.2701053619384766,0.8618821501731873
639,1.9850000000000012,7.998403072357178,4.882852077484131,0.8656005263328552
