frame_zero_based,presentation_seconds,interval_from_previous_seconds,picture_type,key_frame
0,0.000000,,I,1
1,0.016683,0.016683000,B,0
2,0.033367,0.016684000,B,0
3,0.050050,0.016683000,B,0
4,0.066733,0.016683000,P,0
5,0.083417,0.016684000,B,0
6,0.100100,0.016683000,B,0
7,0.116783,0.016683000,B,0
8,0.133467,0.016684000,P,0
9,0.150150,0.016683000,P,0
10,0.166834,0.016684000,P,0
11,0.183517,0.016683000,B,0
12,0.200200,0.016683000,B,0
13,0.216884,0.016684000,B,0
14,0.233567,0.016683000,P,0
15,0.250250,0.016683000,B,0
16,0.266934,0.016684000,B,0
17,0.283617,0.016683000,B,0
18,0.300300,0.016683000,P,0
19,0.316984,0.016684000,B,0
20,0.333667,0.016683000,B,0
21,0.350350,0.016683000,B,0
22,0.367034,0.016684000,P,0
23,0.383717,0.016683000,B,0
24,0.400400,0.016683000,B,0
25,0.417084,0.016684000,B,0
26,0.433767,0.016683000,P,0
27,0.450450,0.016683000,B,0
28,0.467134,0.016684000,B,0
29,0.483817,0.016683000,B,0
30,0.500501,0.016684000,P,0
31,0.517184,0.016683000,B,0
32,0.533867,0.016683000,B,0
33,0.550551,0.016684000,B,0
34,0.567234,0.016683000,P,0
35,0.583917,0.016683000,B,0
36,0.600601,0.016684000,B,0
37,0.617284,0.016683000,B,0
38,0.633967,0.016683000,P,0
39,0.650651,0.016684000,B,0
40,0.667334,0.016683000,P,0
41,0.684017,0.016683000,B,0
42,0.700701,0.016684000,P,0
43,0.717384,0.016683000,B,0
44,0.734067,0.016683000,P,0
45,0.750751,0.016684000,B,0
46,0.767434,0.016683000,P,0
47,0.784117,0.016683000,B,0
48,0.800801,0.016684000,P,0
49,0.817484,0.016683000,P,0
50,0.834168,0.016684000,P,0
51,0.850851,0.016683000,P,0
52,0.867534,0.016683000,P,0
53,0.884218,0.016684000,P,0
54,0.900901,0.016683000,P,0
55,0.917584,0.016683000,P,0
56,0.934268,0.016684000,P,0
57,0.950951,0.016683000,P,0
58,0.967634,0.016683000,P,0
59,0.984318,0.016684000,P,0
60,1.001001,0.016683000,P,0
61,1.017684,0.016683000,P,0
62,1.034368,0.016684000,P,0
63,1.051051,0.016683000,P,0
64,1.067734,0.016683000,P,0
65,1.084418,0.016684000,P,0
66,1.101101,0.016683000,B,0
67,1.117784,0.016683000,P,0
68,1.134468,0.016684000,B,0
69,1.151151,0.016683000,P,0
70,1.167835,0.016684000,P,0
71,1.184518,0.016683000,B,0
72,1.201201,0.016683000,P,0
73,1.217885,0.016684000,B,0
74,1.234568,0.016683000,B,0
75,1.251251,0.016683000,B,0
76,1.267935,0.016684000,P,0
77,1.284618,0.016683000,B,0
78,1.301301,0.016683000,P,0
79,1.317985,0.016684000,B,0
80,1.334668,0.016683000,B,0
81,1.351351,0.016683000,B,0
82,1.368035,0.016684000,P,0
83,1.384718,0.016683000,B,0
84,1.401401,0.016683000,B,0
85,1.418085,0.016684000,B,0
86,1.434768,0.016683000,P,0
87,1.451451,0.016683000,B,0
88,1.468135,0.016684000,B,0
89,1.484818,0.016683000,B,0
90,1.501502,0.016684000,P,0
91,1.518185,0.016683000,B,0
92,1.534868,0.016683000,B,0
93,1.551552,0.016684000,B,0
94,1.568235,0.016683000,P,0
95,1.584918,0.016683000,B,0
96,1.601602,0.016684000,B,0
97,1.618285,0.016683000,B,0
98,1.634968,0.016683000,P,0
99,1.651652,0.016684000,B,0
100,1.668335,0.016683000,B,0
101,1.685018,0.016683000,B,0
102,1.701702,0.016684000,P,0
103,1.718385,0.016683000,B,0
104,1.735068,0.016683000,B,0
105,1.751752,0.016684000,B,0
106,1.768435,0.016683000,P,0
107,1.785118,0.016683000,B,0
108,1.801802,0.016684000,B,0
109,1.818485,0.016683000,B,0
110,1.835169,0.016684000,P,0
111,1.851852,0.016683000,B,0
112,1.868535,0.016683000,B,0
113,1.885219,0.016684000,B,0
114,1.901902,0.016683000,P,0
115,1.918585,0.016683000,B,0
116,1.935269,0.016684000,B,0
117,1.951952,0.016683000,B,0
118,1.968635,0.016683000,P,0
119,1.985319,0.016684000,B,0
120,2.002002,0.016683000,B,0
121,2.018685,0.016683000,B,0
122,2.035369,0.016684000,P,0
123,2.052052,0.016683000,B,0
124,2.068735,0.016683000,B,0
125,2.085419,0.016684000,P,0
126,2.102102,0.016683000,B,0
127,2.118785,0.016683000,B,0
128,2.135469,0.016684000,P,0
129,2.152152,0.016683000,B,0
130,2.168836,0.016684000,P,0
131,2.185519,0.016683000,B,0
132,2.202202,0.016683000,P,0
133,2.218886,0.016684000,B,0
134,2.235569,0.016683000,P,0
135,2.252252,0.016683000,B,0
136,2.268936,0.016684000,B,0
137,2.285619,0.016683000,P,0
138,2.302302,0.016683000,B,0
139,2.318986,0.016684000,B,0
140,2.335669,0.016683000,B,0
141,2.352352,0.016683000,P,0
142,2.369036,0.016684000,B,0
143,2.385719,0.016683000,B,0
144,2.402402,0.016683000,P,0
145,2.419086,0.016684000,B,0
146,2.435769,0.016683000,P,0
147,2.452452,0.016683000,B,0
148,2.469136,0.016684000,B,0
149,2.485819,0.016683000,P,0
150,2.502503,0.016684000,B,0
151,2.519186,0.016683000,P,0
152,2.535869,0.016683000,B,0
153,2.552553,0.016684000,P,0
154,2.569236,0.016683000,P,0
155,2.585919,0.016683000,P,0
156,2.602603,0.016684000,P,0
157,2.619286,0.016683000,P,0
158,2.635969,0.016683000,P,0
159,2.652653,0.016684000,P,0
160,2.669336,0.016683000,B,0
161,2.686019,0.016683000,P,0
162,2.702703,0.016684000,P,0
163,2.719386,0.016683000,B,0
164,2.736069,0.016683000,P,0
165,2.752753,0.016684000,B,0
166,2.769436,0.016683000,P,0
167,2.786119,0.016683000,B,0
168,2.802803,0.016684000,P,0
169,2.819486,0.016683000,P,0
170,2.836170,0.016684000,B,0
171,2.852853,0.016683000,P,0
172,2.869536,0.016683000,B,0
173,2.886220,0.016684000,B,0
174,2.902903,0.016683000,B,0
175,2.919586,0.016683000,P,0
176,2.936270,0.016684000,B,0
177,2.952953,0.016683000,P,0
178,2.969636,0.016683000,B,0
179,2.986320,0.016684000,B,0
180,3.003003,0.016683000,B,0
181,3.019686,0.016683000,P,0
182,3.036370,0.016684000,B,0
183,3.053053,0.016683000,P,0
184,3.069736,0.016683000,B,0
185,3.086420,0.016684000,P,0
186,3.103103,0.016683000,B,0
187,3.119786,0.016683000,B,0
188,3.136470,0.016684000,B,0
189,3.153153,0.016683000,P,0
190,3.169837,0.016684000,B,0
191,3.186520,0.016683000,B,0
192,3.203203,0.016683000,B,0
193,3.219887,0.016684000,P,0
194,3.236570,0.016683000,B,0
195,3.253253,0.016683000,B,0
196,3.269937,0.016684000,B,0
197,3.286620,0.016683000,P,0
198,3.303303,0.016683000,B,0
199,3.319987,0.016684000,B,0
200,3.336670,0.016683000,B,0
201,3.353353,0.016683000,P,0
202,3.370037,0.016684000,B,0
203,3.386720,0.016683000,B,0
204,3.403403,0.016683000,B,0
205,3.420087,0.016684000,P,0
206,3.436770,0.016683000,B,0
207,3.453453,0.016683000,B,0
208,3.470137,0.016684000,P,0
209,3.486820,0.016683000,B,0
210,3.503504,0.016684000,B,0
211,3.520187,0.016683000,B,0
212,3.536870,0.016683000,P,0
213,3.553554,0.016684000,B,0
214,3.570237,0.016683000,B,0
215,3.586920,0.016683000,B,0
216,3.603604,0.016684000,P,0
217,3.620287,0.016683000,B,0
218,3.636970,0.016683000,B,0
219,3.653654,0.016684000,B,0
220,3.670337,0.016683000,P,0
221,3.687020,0.016683000,B,0
222,3.703704,0.016684000,B,0
223,3.720387,0.016683000,B,0
224,3.737070,0.016683000,P,0
225,3.753754,0.016684000,B,0
226,3.770437,0.016683000,B,0
227,3.787120,0.016683000,B,0
228,3.803804,0.016684000,P,0
229,3.820487,0.016683000,B,0
230,3.837171,0.016684000,B,0
231,3.853854,0.016683000,B,0
232,3.870537,0.016683000,P,0
233,3.887221,0.016684000,B,0
234,3.903904,0.016683000,B,0
235,3.920587,0.016683000,B,0
236,3.937271,0.016684000,P,0
237,3.953954,0.016683000,B,0
238,3.970637,0.016683000,B,0
239,3.987321,0.016684000,B,0
240,4.004004,0.016683000,P,0
241,4.020687,0.016683000,B,0
242,4.037371,0.016684000,B,0
243,4.054054,0.016683000,B,0
244,4.070737,0.016683000,P,0
245,4.087421,0.016684000,B,0
246,4.104104,0.016683000,B,0
247,4.120787,0.016683000,B,0
248,4.137471,0.016684000,P,0
249,4.154154,0.016683000,P,0
250,4.170838,0.016684000,I,1
251,4.187521,0.016683000,B,0
252,4.204204,0.016683000,B,0
253,4.220888,0.016684000,B,0
254,4.237571,0.016683000,P,0
255,4.254254,0.016683000,B,0
256,4.270938,0.016684000,B,0
257,4.287621,0.016683000,B,0
258,4.304304,0.016683000,P,0
259,4.320988,0.016684000,B,0
260,4.337671,0.016683000,B,0
261,4.354354,0.016683000,B,0
262,4.371038,0.016684000,P,0
263,4.387721,0.016683000,B,0
264,4.404404,0.016683000,B,0
265,4.421088,0.016684000,B,0
266,4.437771,0.016683000,P,0
267,4.454454,0.016683000,B,0
268,4.471138,0.016684000,B,0
269,4.487821,0.016683000,B,0
270,4.504505,0.016684000,P,0
271,4.521188,0.016683000,B,0
272,4.537871,0.016683000,B,0
273,4.554555,0.016684000,B,0
274,4.571238,0.016683000,P,0
275,4.587921,0.016683000,B,0
276,4.604605,0.016684000,B,0
277,4.621288,0.016683000,B,0
278,4.637971,0.016683000,P,0
279,4.654655,0.016684000,B,0
280,4.671338,0.016683000,B,0
281,4.688021,0.016683000,B,0
282,4.704705,0.016684000,P,0
283,4.721388,0.016683000,B,0
284,4.738071,0.016683000,B,0
285,4.754755,0.016684000,B,0
286,4.771438,0.016683000,P,0
287,4.788121,0.016683000,B,0
288,4.804805,0.016684000,B,0
289,4.821488,0.016683000,B,0
290,4.838172,0.016684000,P,0
291,4.854855,0.016683000,B,0
292,4.871538,0.016683000,B,0
293,4.888222,0.016684000,B,0
294,4.904905,0.016683000,P,0
295,4.921588,0.016683000,B,0
296,4.938272,0.016684000,B,0
297,4.954955,0.016683000,B,0
298,4.971638,0.016683000,P,0
299,4.988322,0.016684000,B,0
300,5.005005,0.016683000,B,0
301,5.021688,0.016683000,B,0
302,5.038372,0.016684000,P,0
303,5.055055,0.016683000,B,0
304,5.071738,0.016683000,B,0
305,5.088422,0.016684000,B,0
306,5.105105,0.016683000,P,0
307,5.121788,0.016683000,B,0
308,5.138472,0.016684000,B,0
309,5.155155,0.016683000,B,0
310,5.171839,0.016684000,P,0
311,5.188522,0.016683000,B,0
312,5.205205,0.016683000,B,0
313,5.221889,0.016684000,B,0
314,5.238572,0.016683000,P,0
315,5.255255,0.016683000,B,0
316,5.271939,0.016684000,B,0
317,5.288622,0.016683000,B,0
318,5.305305,0.016683000,P,0
319,5.321989,0.016684000,B,0
320,5.338672,0.016683000,B,0
321,5.355355,0.016683000,B,0
322,5.372039,0.016684000,P,0
323,5.388722,0.016683000,B,0
324,5.405405,0.016683000,B,0
325,5.422089,0.016684000,B,0
326,5.438772,0.016683000,P,0
327,5.455455,0.016683000,B,0
328,5.472139,0.016684000,B,0
329,5.488822,0.016683000,B,0
330,5.505506,0.016684000,P,0
331,5.522189,0.016683000,B,0
332,5.538872,0.016683000,B,0
333,5.555556,0.016684000,B,0
334,5.572239,0.016683000,P,0
335,5.588922,0.016683000,B,0
336,5.605606,0.016684000,B,0
337,5.622289,0.016683000,B,0
338,5.638972,0.016683000,P,0
339,5.655656,0.016684000,B,0
340,5.672339,0.016683000,B,0
341,5.689022,0.016683000,B,0
342,5.705706,0.016684000,P,0
343,5.722389,0.016683000,B,0
344,5.739072,0.016683000,B,0
345,5.755756,0.016684000,B,0
346,5.772439,0.016683000,P,0
347,5.789122,0.016683000,B,0
348,5.805806,0.016684000,B,0
349,5.822489,0.016683000,B,0
350,5.839173,0.016684000,P,0
351,5.855856,0.016683000,B,0
352,5.872539,0.016683000,B,0
353,5.889223,0.016684000,B,0
354,5.905906,0.016683000,P,0
355,5.922589,0.016683000,B,0
356,5.939273,0.016684000,B,0
357,5.955956,0.016683000,B,0
358,5.972639,0.016683000,P,0
359,5.989323,0.016684000,B,0
360,6.006006,0.016683000,B,0
361,6.022689,0.016683000,B,0
362,6.039373,0.016684000,P,0
363,6.056056,0.016683000,B,0
364,6.072739,0.016683000,B,0
365,6.089423,0.016684000,B,0
366,6.106106,0.016683000,P,0
367,6.122789,0.016683000,B,0
368,6.139473,0.016684000,B,0
369,6.156156,0.016683000,B,0
370,6.172840,0.016684000,P,0
371,6.189523,0.016683000,B,0
372,6.206206,0.016683000,B,0
373,6.222890,0.016684000,B,0
374,6.239573,0.016683000,P,0
375,6.256256,0.016683000,B,0
376,6.272940,0.016684000,B,0
377,6.289623,0.016683000,B,0
378,6.306306,0.016683000,P,0
379,6.322990,0.016684000,B,0
380,6.339673,0.016683000,B,0
381,6.356356,0.016683000,B,0
382,6.373040,0.016684000,P,0
383,6.389723,0.016683000,B,0
384,6.406406,0.016683000,B,0
385,6.423090,0.016684000,B,0
386,6.439773,0.016683000,P,0
387,6.456456,0.016683000,B,0
388,6.473140,0.016684000,B,0
389,6.489823,0.016683000,B,0
390,6.506507,0.016684000,P,0
391,6.523190,0.016683000,B,0
392,6.539873,0.016683000,B,0
393,6.556557,0.016684000,B,0
394,6.573240,0.016683000,P,0
395,6.589923,0.016683000,B,0
396,6.606607,0.016684000,B,0
397,6.623290,0.016683000,B,0
398,6.639973,0.016683000,P,0
399,6.656657,0.016684000,B,0
400,6.673340,0.016683000,B,0
401,6.690023,0.016683000,B,0
402,6.706707,0.016684000,P,0
403,6.723390,0.016683000,B,0
404,6.740073,0.016683000,B,0
405,6.756757,0.016684000,B,0
406,6.773440,0.016683000,P,0
407,6.790123,0.016683000,B,0
408,6.806807,0.016684000,B,0
409,6.823490,0.016683000,B,0
410,6.840174,0.016684000,P,0
411,6.856857,0.016683000,B,0
412,6.873540,0.016683000,B,0
413,6.890224,0.016684000,B,0
414,6.906907,0.016683000,P,0
415,6.923590,0.016683000,B,0
416,6.940274,0.016684000,B,0
417,6.956957,0.016683000,B,0
418,6.973640,0.016683000,P,0
419,6.990324,0.016684000,B,0
420,7.007007,0.016683000,B,0
421,7.023690,0.016683000,B,0
422,7.040374,0.016684000,P,0
423,7.057057,0.016683000,B,0
424,7.073740,0.016683000,B,0
425,7.090424,0.016684000,B,0
426,7.107107,0.016683000,P,0
427,7.123790,0.016683000,B,0
428,7.140474,0.016684000,B,0
429,7.157157,0.016683000,B,0
430,7.173841,0.016684000,P,0
431,7.190524,0.016683000,B,0
432,7.207207,0.016683000,B,0
433,7.223891,0.016684000,B,0
434,7.240574,0.016683000,P,0
435,7.257257,0.016683000,B,0
436,7.273941,0.016684000,B,0
437,7.290624,0.016683000,B,0
438,7.307307,0.016683000,P,0
439,7.323991,0.016684000,B,0
440,7.340674,0.016683000,B,0
441,7.357357,0.016683000,B,0
442,7.374041,0.016684000,P,0
443,7.390724,0.016683000,B,0
444,7.407407,0.016683000,B,0
445,7.424091,0.016684000,B,0
446,7.440774,0.016683000,P,0
447,7.457457,0.016683000,B,0
448,7.474141,0.016684000,B,0
449,7.490824,0.016683000,B,0
450,7.507508,0.016684000,P,0
451,7.524191,0.016683000,B,0
452,7.540874,0.016683000,B,0
453,7.557558,0.016684000,B,0
454,7.574241,0.016683000,P,0
455,7.590924,0.016683000,B,0
456,7.607608,0.016684000,B,0
457,7.624291,0.016683000,B,0
458,7.640974,0.016683000,P,0
459,7.657658,0.016684000,B,0
460,7.674341,0.016683000,B,0
461,7.691024,0.016683000,B,0
462,7.707708,0.016684000,P,0
463,7.724391,0.016683000,B,0
464,7.741074,0.016683000,B,0
465,7.757758,0.016684000,B,0
466,7.774441,0.016683000,P,0
467,7.791124,0.016683000,B,0
468,7.807808,0.016684000,B,0
469,7.824491,0.016683000,B,0
470,7.841175,0.016684000,P,0
471,7.857858,0.016683000,B,0
472,7.874541,0.016683000,B,0
473,7.891225,0.016684000,B,0
474,7.907908,0.016683000,P,0
475,7.924591,0.016683000,B,0
476,7.941275,0.016684000,B,0
477,7.957958,0.016683000,B,0
478,7.974641,0.016683000,P,0
479,7.991325,0.016684000,B,0
480,8.008008,0.016683000,B,0
481,8.024691,0.016683000,B,0
482,8.041375,0.016684000,P,0
483,8.058058,0.016683000,B,0
484,8.074741,0.016683000,B,0
485,8.091425,0.016684000,B,0
486,8.108108,0.016683000,P,0
487,8.124791,0.016683000,B,0
488,8.141475,0.016684000,B,0
489,8.158158,0.016683000,B,0
490,8.174842,0.016684000,P,0
491,8.191525,0.016683000,B,0
492,8.208208,0.016683000,B,0
493,8.224892,0.016684000,B,0
494,8.241575,0.016683000,P,0
495,8.258258,0.016683000,B,0
496,8.274942,0.016684000,B,0
497,8.291625,0.016683000,B,0
498,8.308308,0.016683000,P,0
499,8.324992,0.016684000,P,0
500,8.341675,0.016683000,I,1
501,8.358358,0.016683000,B,0
502,8.375042,0.016684000,B,0
503,8.391725,0.016683000,B,0
504,8.408408,0.016683000,P,0
505,8.425092,0.016684000,B,0
506,8.441775,0.016683000,B,0
507,8.458458,0.016683000,B,0
508,8.475142,0.016684000,P,0
509,8.491825,0.016683000,B,0
510,8.508509,0.016684000,B,0
511,8.525192,0.016683000,B,0
512,8.541875,0.016683000,P,0
513,8.558559,0.016684000,B,0
514,8.575242,0.016683000,B,0
515,8.591925,0.016683000,B,0
516,8.608609,0.016684000,P,0
517,8.625292,0.016683000,B,0
518,8.641975,0.016683000,B,0
519,8.658659,0.016684000,B,0
520,8.675342,0.016683000,P,0
521,8.692025,0.016683000,B,0
522,8.708709,0.016684000,B,0
523,8.725392,0.016683000,B,0
524,8.742075,0.016683000,P,0
525,8.758759,0.016684000,P,0
526,8.775442,0.016683000,P,0
527,8.792125,0.016683000,P,0
528,8.808809,0.016684000,P,0
529,8.825492,0.016683000,B,0
530,8.842176,0.016684000,B,0
531,8.858859,0.016683000,B,0
532,8.875542,0.016683000,P,0
533,8.892226,0.016684000,B,0
534,8.908909,0.016683000,B,0
535,8.925592,0.016683000,B,0
536,8.942276,0.016684000,P,0
537,8.958959,0.016683000,B,0
538,8.975642,0.016683000,P,0
539,8.992326,0.016684000,P,0
540,9.009009,0.016683000,B,0
541,9.025692,0.016683000,B,0
542,9.042376,0.016684000,B,0
543,9.059059,0.016683000,P,0
544,9.075742,0.016683000,P,0
545,9.092426,0.016684000,P,0
546,9.109109,0.016683000,B,0
547,9.125792,0.016683000,B,0
548,9.142476,0.016684000,B,0
549,9.159159,0.016683000,P,0
550,9.175843,0.016684000,B,0
551,9.192526,0.016683000,B,0
552,9.209209,0.016683000,B,0
553,9.225893,0.016684000,P,0
554,9.242576,0.016683000,P,0
555,9.259259,0.016683000,P,0
556,9.275943,0.016684000,B,0
557,9.292626,0.016683000,B,0
558,9.309309,0.016683000,B,0
559,9.325993,0.016684000,P,0
560,9.342676,0.016683000,B,0
561,9.359359,0.016683000,B,0
562,9.376043,0.016684000,B,0
563,9.392726,0.016683000,P,0
564,9.409409,0.016683000,B,0
565,9.426093,0.016684000,B,0
566,9.442776,0.016683000,B,0
567,9.459459,0.016683000,P,0
568,9.476143,0.016684000,B,0
569,9.492826,0.016683000,B,0
570,9.509510,0.016684000,B,0
571,9.526193,0.016683000,P,0
572,9.542876,0.016683000,B,0
573,9.559560,0.016684000,B,0
574,9.576243,0.016683000,B,0
575,9.592926,0.016683000,P,0
576,9.609610,0.016684000,B,0
577,9.626293,0.016683000,B,0
578,9.642976,0.016683000,B,0
579,9.659660,0.016684000,P,0
580,9.676343,0.016683000,B,0
581,9.693026,0.016683000,B,0
582,9.709710,0.016684000,B,0
583,9.726393,0.016683000,P,0
584,9.743076,0.016683000,B,0
585,9.759760,0.016684000,B,0
586,9.776443,0.016683000,B,0
587,9.793126,0.016683000,P,0
588,9.809810,0.016684000,B,0
589,9.826493,0.016683000,B,0
590,9.843177,0.016684000,B,0
591,9.859860,0.016683000,P,0
592,9.876543,0.016683000,B,0
593,9.893227,0.016684000,B,0
594,9.909910,0.016683000,B,0
595,9.926593,0.016683000,P,0
596,9.943277,0.016684000,B,0
597,9.959960,0.016683000,B,0
598,9.976643,0.016683000,B,0
599,9.993327,0.016684000,P,0
600,10.010010,0.016683000,B,0
601,10.026693,0.016683000,B,0
602,10.043377,0.016684000,B,0
603,10.060060,0.016683000,P,0
604,10.076743,0.016683000,B,0
605,10.093427,0.016684000,B,0
606,10.110110,0.016683000,B,0
607,10.126793,0.016683000,P,0
608,10.143477,0.016684000,B,0
609,10.160160,0.016683000,B,0
610,10.176844,0.016684000,B,0
611,10.193527,0.016683000,P,0
612,10.210210,0.016683000,B,0
613,10.226894,0.016684000,B,0
614,10.243577,0.016683000,B,0
615,10.260260,0.016683000,P,0
616,10.276944,0.016684000,B,0
617,10.293627,0.016683000,B,0
618,10.310310,0.016683000,B,0
619,10.326994,0.016684000,P,0
620,10.343677,0.016683000,B,0
621,10.360360,0.016683000,B,0
622,10.377044,0.016684000,B,0
623,10.393727,0.016683000,P,0
624,10.410410,0.016683000,B,0
625,10.427094,0.016684000,P,0
626,10.443777,0.016683000,B,0
627,10.460460,0.016683000,P,0
628,10.477144,0.016684000,B,0
629,10.493827,0.016683000,B,0
630,10.510511,0.016684000,B,0
631,10.527194,0.016683000,P,0
632,10.543877,0.016683000,B,0
633,10.560561,0.016684000,B,0
634,10.577244,0.016683000,B,0
635,10.593927,0.016683000,P,0
636,10.610611,0.016684000,B,0
637,10.627294,0.016683000,B,0
638,10.643977,0.016683000,B,0
639,10.660661,0.016684000,P,0
640,10.677344,0.016683000,B,0
641,10.694027,0.016683000,B,0
642,10.710711,0.016684000,B,0
643,10.727394,0.016683000,P,0
644,10.744077,0.016683000,B,0
645,10.760761,0.016684000,B,0
646,10.777444,0.016683000,B,0
647,10.794127,0.016683000,P,0
648,10.810811,0.016684000,B,0
649,10.827494,0.016683000,P,0
650,10.844178,0.016684000,B,0
651,10.860861,0.016683000,B,0
652,10.877544,0.016683000,B,0
653,10.894228,0.016684000,P,0
654,10.910911,0.016683000,B,0
655,10.927594,0.016683000,B,0
656,10.944278,0.016684000,B,0
657,10.960961,0.016683000,P,0
658,10.977644,0.016683000,B,0
659,10.994328,0.016684000,B,0
660,11.011011,0.016683000,B,0
661,11.027694,0.016683000,P,0
662,11.044378,0.016684000,B,0
663,11.061061,0.016683000,B,0
664,11.077744,0.016683000,B,0
665,11.094428,0.016684000,P,0
666,11.111111,0.016683000,B,0
667,11.127794,0.016683000,B,0
668,11.144478,0.016684000,B,0
669,11.161161,0.016683000,P,0
670,11.177845,0.016684000,B,0
671,11.194528,0.016683000,B,0
672,11.211211,0.016683000,P,0
673,11.227895,0.016684000,B,0
674,11.244578,0.016683000,B,0
675,11.261261,0.016683000,B,0
676,11.277945,0.016684000,P,0
677,11.294628,0.016683000,B,0
678,11.311311,0.016683000,B,0
679,11.327995,0.016684000,B,0
680,11.344678,0.016683000,P,0
681,11.361361,0.016683000,P,0
682,11.378045,0.016684000,B,0
683,11.394728,0.016683000,B,0
684,11.411411,0.016683000,B,0
685,11.428095,0.016684000,P,0
686,11.444778,0.016683000,B,0
687,11.461461,0.016683000,B,0
688,11.478145,0.016684000,B,0
689,11.494828,0.016683000,P,0
690,11.511512,0.016684000,B,0
691,11.528195,0.016683000,B,0
692,11.544878,0.016683000,B,0
693,11.561562,0.016684000,P,0
694,11.578245,0.016683000,B,0
695,11.594928,0.016683000,B,0
696,11.611612,0.016684000,B,0
697,11.628295,0.016683000,P,0
698,11.644978,0.016683000,B,0
699,11.661662,0.016684000,B,0
700,11.678345,0.016683000,B,0
701,11.695028,0.016683000,P,0
702,11.711712,0.016684000,B,0
703,11.728395,0.016683000,B,0
704,11.745078,0.016683000,B,0
705,11.761762,0.016684000,P,0
706,11.778445,0.016683000,P,0
707,11.795128,0.016683000,B,0
708,11.811812,0.016684000,B,0
709,11.828495,0.016683000,B,0
710,11.845179,0.016684000,P,0
711,11.861862,0.016683000,P,0
712,11.878545,0.016683000,P,0
713,11.895229,0.016684000,B,0
714,11.911912,0.016683000,B,0
715,11.928595,0.016683000,B,0
716,11.945279,0.016684000,P,0
717,11.961962,0.016683000,B,0
718,11.978645,0.016683000,B,0
719,11.995329,0.016684000,B,0
720,12.012012,0.016683000,P,0
721,12.028695,0.016683000,B,0
722,12.045379,0.016684000,B,0
723,12.062062,0.016683000,B,0
724,12.078745,0.016683000,P,0
725,12.095429,0.016684000,B,0
726,12.112112,0.016683000,B,0
727,12.128795,0.016683000,B,0
728,12.145479,0.016684000,P,0
729,12.162162,0.016683000,B,0
730,12.178846,0.016684000,B,0
731,12.195529,0.016683000,B,0
732,12.212212,0.016683000,P,0
733,12.228896,0.016684000,B,0
734,12.245579,0.016683000,B,0
735,12.262262,0.016683000,B,0
736,12.278946,0.016684000,P,0
737,12.295629,0.016683000,B,0
738,12.312312,0.016683000,B,0
739,12.328996,0.016684000,B,0
740,12.345679,0.016683000,P,0
741,12.362362,0.016683000,B,0
742,12.379046,0.016684000,B,0
743,12.395729,0.016683000,B,0
744,12.412412,0.016683000,P,0
745,12.429096,0.016684000,B,0
746,12.445779,0.016683000,B,0
747,12.462462,0.016683000,B,0
748,12.479146,0.016684000,P,0
749,12.495829,0.016683000,P,0
750,12.512513,0.016684000,I,1
751,12.529196,0.016683000,B,0
752,12.545879,0.016683000,B,0
753,12.562563,0.016684000,B,0
754,12.579246,0.016683000,P,0
755,12.595929,0.016683000,B,0
756,12.612613,0.016684000,B,0
757,12.629296,0.016683000,B,0
758,12.645979,0.016683000,P,0
759,12.662663,0.016684000,B,0
760,12.679346,0.016683000,B,0
761,12.696029,0.016683000,B,0
762,12.712713,0.016684000,P,0
763,12.729396,0.016683000,B,0
764,12.746079,0.016683000,B,0
765,12.762763,0.016684000,B,0
766,12.779446,0.016683000,P,0
767,12.796129,0.016683000,B,0
768,12.812813,0.016684000,B,0
769,12.829496,0.016683000,B,0
770,12.846180,0.016684000,P,0
771,12.862863,0.016683000,B,0
772,12.879546,0.016683000,B,0
773,12.896230,0.016684000,B,0
774,12.912913,0.016683000,P,0
775,12.929596,0.016683000,P,0
776,12.946280,0.016684000,B,0
777,12.962963,0.016683000,P,0
778,12.979646,0.016683000,P,0
779,12.996330,0.016684000,P,0
780,13.013013,0.016683000,B,0
781,13.029696,0.016683000,B,0
782,13.046380,0.016684000,B,0
783,13.063063,0.016683000,P,0
784,13.079746,0.016683000,B,0
785,13.096430,0.016684000,B,0
786,13.113113,0.016683000,B,0
787,13.129796,0.016683000,P,0
788,13.146480,0.016684000,B,0
789,13.163163,0.016683000,B,0
790,13.179847,0.016684000,B,0
791,13.196530,0.016683000,P,0
792,13.213213,0.016683000,B,0
793,13.229897,0.016684000,B,0
794,13.246580,0.016683000,B,0
795,13.263263,0.016683000,P,0
796,13.279947,0.016684000,B,0
797,13.296630,0.016683000,B,0
798,13.313313,0.016683000,B,0
799,13.329997,0.016684000,P,0
800,13.346680,0.016683000,B,0
801,13.363363,0.016683000,B,0
802,13.380047,0.016684000,B,0
803,13.396730,0.016683000,P,0
804,13.413413,0.016683000,B,0
805,13.430097,0.016684000,B,0
806,13.446780,0.016683000,B,0
807,13.463463,0.016683000,P,0
808,13.480147,0.016684000,B,0
809,13.496830,0.016683000,B,0
810,13.513514,0.016684000,B,0
811,13.530197,0.016683000,P,0
812,13.546880,0.016683000,B,0
813,13.563564,0.016684000,B,0
814,13.580247,0.016683000,B,0
815,13.596930,0.016683000,P,0
816,13.613614,0.016684000,B,0
817,13.630297,0.016683000,B,0
818,13.646980,0.016683000,B,0
819,13.663664,0.016684000,P,0
820,13.680347,0.016683000,B,0
821,13.697030,0.016683000,B,0
822,13.713714,0.016684000,B,0
823,13.730397,0.016683000,P,0
824,13.747080,0.016683000,B,0
825,13.763764,0.016684000,B,0
826,13.780447,0.016683000,B,0
827,13.797130,0.016683000,P,0
828,13.813814,0.016684000,B,0
829,13.830497,0.016683000,B,0
830,13.847181,0.016684000,B,0
831,13.863864,0.016683000,P,0
832,13.880547,0.016683000,B,0
833,13.897231,0.016684000,B,0
834,13.913914,0.016683000,B,0
835,13.930597,0.016683000,P,0
836,13.947281,0.016684000,B,0
837,13.963964,0.016683000,B,0
838,13.980647,0.016683000,B,0
839,13.997331,0.016684000,P,0
840,14.014014,0.016683000,B,0
841,14.030697,0.016683000,B,0
842,14.047381,0.016684000,B,0
843,14.064064,0.016683000,P,0
844,14.080747,0.016683000,B,0
845,14.097431,0.016684000,B,0
846,14.114114,0.016683000,B,0
847,14.130797,0.016683000,P,0
848,14.147481,0.016684000,B,0
849,14.164164,0.016683000,B,0
850,14.180848,0.016684000,B,0
851,14.197531,0.016683000,P,0
852,14.214214,0.016683000,B,0
853,14.230898,0.016684000,B,0
854,14.247581,0.016683000,B,0
855,14.264264,0.016683000,P,0
856,14.280948,0.016684000,B,0
857,14.297631,0.016683000,B,0
858,14.314314,0.016683000,B,0
859,14.330998,0.016684000,P,0
860,14.347681,0.016683000,B,0
861,14.364364,0.016683000,B,0
862,14.381048,0.016684000,B,0
863,14.397731,0.016683000,P,0
864,14.414414,0.016683000,B,0
865,14.431098,0.016684000,B,0
866,14.447781,0.016683000,B,0
867,14.464464,0.016683000,P,0
868,14.481148,0.016684000,B,0
869,14.497831,0.016683000,B,0
870,14.514515,0.016684000,B,0
871,14.531198,0.016683000,P,0
872,14.547881,0.016683000,B,0
873,14.564565,0.016684000,B,0
874,14.581248,0.016683000,B,0
875,14.597931,0.016683000,P,0
876,14.614615,0.016684000,B,0
877,14.631298,0.016683000,B,0
878,14.647981,0.016683000,B,0
879,14.664665,0.016684000,P,0
880,14.681348,0.016683000,B,0
881,14.698031,0.016683000,B,0
882,14.714715,0.016684000,B,0
883,14.731398,0.016683000,P,0
884,14.748081,0.016683000,B,0
885,14.764765,0.016684000,B,0
886,14.781448,0.016683000,B,0
887,14.798131,0.016683000,P,0
888,14.814815,0.016684000,B,0
889,14.831498,0.016683000,B,0
890,14.848182,0.016684000,B,0
891,14.864865,0.016683000,P,0
892,14.881548,0.016683000,B,0
893,14.898232,0.016684000,B,0
894,14.914915,0.016683000,B,0
895,14.931598,0.016683000,P,0
896,14.948282,0.016684000,B,0
897,14.964965,0.016683000,B,0
898,14.981648,0.016683000,B,0
899,14.998332,0.016684000,P,0
900,15.015015,0.016683000,B,0
901,15.031698,0.016683000,B,0
902,15.048382,0.016684000,B,0
903,15.065065,0.016683000,P,0
904,15.081748,0.016683000,B,0
905,15.098432,0.016684000,B,0
906,15.115115,0.016683000,B,0
907,15.131798,0.016683000,P,0
908,15.148482,0.016684000,B,0
909,15.165165,0.016683000,B,0
910,15.181849,0.016684000,B,0
911,15.198532,0.016683000,P,0
912,15.215215,0.016683000,B,0
913,15.231899,0.016684000,B,0
914,15.248582,0.016683000,B,0
915,15.265265,0.016683000,P,0
916,15.281949,0.016684000,B,0
917,15.298632,0.016683000,B,0
918,15.315315,0.016683000,B,0
919,15.331999,0.016684000,P,0
920,15.348682,0.016683000,B,0
921,15.365365,0.016683000,B,0
922,15.382049,0.016684000,B,0
923,15.398732,0.016683000,P,0
924,15.415415,0.016683000,B,0
925,15.432099,0.016684000,B,0
926,15.448782,0.016683000,B,0
927,15.465465,0.016683000,P,0
928,15.482149,0.016684000,B,0
929,15.498832,0.016683000,B,0
930,15.515516,0.016684000,B,0
931,15.532199,0.016683000,P,0
932,15.548882,0.016683000,B,0
933,15.565566,0.016684000,B,0
934,15.582249,0.016683000,B,0
935,15.598932,0.016683000,P,0
936,15.615616,0.016684000,B,0
937,15.632299,0.016683000,B,0
938,15.648982,0.016683000,B,0
939,15.665666,0.016684000,P,0
940,15.682349,0.016683000,B,0
941,15.699032,0.016683000,B,0
942,15.715716,0.016684000,B,0
943,15.732399,0.016683000,P,0
944,15.749082,0.016683000,B,0
945,15.765766,0.016684000,B,0
946,15.782449,0.016683000,B,0
947,15.799132,0.016683000,P,0
948,15.815816,0.016684000,B,0
949,15.832499,0.016683000,B,0
950,15.849183,0.016684000,B,0
951,15.865866,0.016683000,P,0
952,15.882549,0.016683000,B,0
953,15.899233,0.016684000,B,0
954,15.915916,0.016683000,B,0
955,15.932599,0.016683000,P,0
956,15.949283,0.016684000,B,0
957,15.965966,0.016683000,B,0
958,15.982649,0.016683000,B,0
959,15.999333,0.016684000,P,0
960,16.016016,0.016683000,B,0
961,16.032699,0.016683000,B,0
962,16.049383,0.016684000,B,0
963,16.066066,0.016683000,P,0
964,16.082749,0.016683000,B,0
965,16.099433,0.016684000,B,0
966,16.116116,0.016683000,B,0
967,16.132799,0.016683000,P,0
968,16.149483,0.016684000,B,0
969,16.166166,0.016683000,B,0
970,16.182850,0.016684000,B,0
971,16.199533,0.016683000,P,0
972,16.216216,0.016683000,B,0
973,16.232900,0.016684000,B,0
974,16.249583,0.016683000,B,0
975,16.266266,0.016683000,P,0
976,16.282950,0.016684000,B,0
977,16.299633,0.016683000,B,0
978,16.316316,0.016683000,B,0
979,16.333000,0.016684000,P,0
980,16.349683,0.016683000,B,0
981,16.366366,0.016683000,B,0
982,16.383050,0.016684000,B,0
983,16.399733,0.016683000,P,0
984,16.416416,0.016683000,B,0
985,16.433100,0.016684000,B,0
986,16.449783,0.016683000,B,0
987,16.466466,0.016683000,P,0
988,16.483150,0.016684000,B,0
989,16.499833,0.016683000,B,0
990,16.516517,0.016684000,B,0
991,16.533200,0.016683000,P,0
992,16.549883,0.016683000,B,0
993,16.566567,0.016684000,B,0
994,16.583250,0.016683000,B,0
995,16.599933,0.016683000,P,0
996,16.616617,0.016684000,B,0
997,16.633300,0.016683000,B,0
998,16.649983,0.016683000,B,0
999,16.666667,0.016684000,P,0
1000,16.683350,0.016683000,I,1
1001,16.700033,0.016683000,B,0
1002,16.716717,0.016684000,B,0
1003,16.733400,0.016683000,B,0
1004,16.750083,0.016683000,P,0
1005,16.766767,0.016684000,B,0
1006,16.783450,0.016683000,B,0
1007,16.800133,0.016683000,B,0
1008,16.816817,0.016684000,P,0
1009,16.833500,0.016683000,B,0
1010,16.850184,0.016684000,B,0
1011,16.866867,0.016683000,B,0
1012,16.883550,0.016683000,P,0
1013,16.900234,0.016684000,B,0
1014,16.916917,0.016683000,B,0
1015,16.933600,0.016683000,B,0
1016,16.950284,0.016684000,P,0
1017,16.966967,0.016683000,B,0
1018,16.983650,0.016683000,B,0
1019,17.000334,0.016684000,B,0
1020,17.017017,0.016683000,P,0
1021,17.033700,0.016683000,B,0
1022,17.050384,0.016684000,B,0
1023,17.067067,0.016683000,B,0
1024,17.083750,0.016683000,P,0
1025,17.100434,0.016684000,B,0
1026,17.117117,0.016683000,B,0
1027,17.133800,0.016683000,B,0
1028,17.150484,0.016684000,P,0
1029,17.167167,0.016683000,B,0
1030,17.183851,0.016684000,B,0
1031,17.200534,0.016683000,B,0
1032,17.217217,0.016683000,P,0
1033,17.233901,0.016684000,B,0
1034,17.250584,0.016683000,B,0
1035,17.267267,0.016683000,B,0
1036,17.283951,0.016684000,P,0
1037,17.300634,0.016683000,B,0
1038,17.317317,0.016683000,B,0
1039,17.334001,0.016684000,B,0
1040,17.350684,0.016683000,P,0
1041,17.367367,0.016683000,B,0
1042,17.384051,0.016684000,B,0
1043,17.400734,0.016683000,B,0
1044,17.417417,0.016683000,P,0
1045,17.434101,0.016684000,B,0
1046,17.450784,0.016683000,B,0
1047,17.467467,0.016683000,B,0
1048,17.484151,0.016684000,P,0
1049,17.500834,0.016683000,B,0
1050,17.517518,0.016684000,B,0
1051,17.534201,0.016683000,B,0
1052,17.550884,0.016683000,P,0
1053,17.567568,0.016684000,B,0
1054,17.584251,0.016683000,B,0
1055,17.600934,0.016683000,B,0
1056,17.617618,0.016684000,P,0
1057,17.634301,0.016683000,B,0
1058,17.650984,0.016683000,B,0
1059,17.667668,0.016684000,B,0
1060,17.684351,0.016683000,P,0
1061,17.701034,0.016683000,B,0
1062,17.717718,0.016684000,B,0
1063,17.734401,0.016683000,B,0
1064,17.751084,0.016683000,P,0
1065,17.767768,0.016684000,B,0
1066,17.784451,0.016683000,B,0
1067,17.801134,0.016683000,B,0
1068,17.817818,0.016684000,P,0
1069,17.834501,0.016683000,B,0
1070,17.851185,0.016684000,B,0
1071,17.867868,0.016683000,B,0
1072,17.884551,0.016683000,P,0
1073,17.901235,0.016684000,B,0
1074,17.917918,0.016683000,B,0
1075,17.934601,0.016683000,B,0
1076,17.951285,0.016684000,P,0
1077,17.967968,0.016683000,B,0
1078,17.984651,0.016683000,B,0
1079,18.001335,0.016684000,B,0
1080,18.018018,0.016683000,P,0
1081,18.034701,0.016683000,B,0
1082,18.051385,0.016684000,B,0
1083,18.068068,0.016683000,B,0
1084,18.084751,0.016683000,P,0
1085,18.101435,0.016684000,B,0
1086,18.118118,0.016683000,B,0
1087,18.134801,0.016683000,B,0
1088,18.151485,0.016684000,P,0
1089,18.168168,0.016683000,B,0
1090,18.184852,0.016684000,B,0
1091,18.201535,0.016683000,B,0
1092,18.218218,0.016683000,P,0
1093,18.234902,0.016684000,B,0
1094,18.251585,0.016683000,B,0
1095,18.268268,0.016683000,B,0
1096,18.284952,0.016684000,P,0
1097,18.301635,0.016683000,B,0
1098,18.318318,0.016683000,B,0
1099,18.335002,0.016684000,B,0
1100,18.351685,0.016683000,P,0
1101,18.368368,0.016683000,B,0
1102,18.385052,0.016684000,B,0
1103,18.401735,0.016683000,B,0
1104,18.418418,0.016683000,P,0
1105,18.435102,0.016684000,B,0
1106,18.451785,0.016683000,B,0
1107,18.468468,0.016683000,B,0
1108,18.485152,0.016684000,P,0
1109,18.501835,0.016683000,B,0
1110,18.518519,0.016684000,B,0
1111,18.535202,0.016683000,B,0
1112,18.551885,0.016683000,P,0
1113,18.568569,0.016684000,B,0
1114,18.585252,0.016683000,B,0
1115,18.601935,0.016683000,B,0
1116,18.618619,0.016684000,P,0
1117,18.635302,0.016683000,B,0
1118,18.651985,0.016683000,B,0
1119,18.668669,0.016684000,P,0
1120,18.685352,0.016683000,B,0
1121,18.702035,0.016683000,B,0
1122,18.718719,0.016684000,B,0
1123,18.735402,0.016683000,P,0
1124,18.752085,0.016683000,B,0
1125,18.768769,0.016684000,B,0
1126,18.785452,0.016683000,B,0
1127,18.802135,0.016683000,P,0
1128,18.818819,0.016684000,B,0
1129,18.835502,0.016683000,B,0
1130,18.852186,0.016684000,B,0
1131,18.868869,0.016683000,P,0
1132,18.885552,0.016683000,B,0
1133,18.902236,0.016684000,B,0
1134,18.918919,0.016683000,B,0
1135,18.935602,0.016683000,P,0
1136,18.952286,0.016684000,B,0
1137,18.968969,0.016683000,B,0
1138,18.985652,0.016683000,B,0
1139,19.002336,0.016684000,P,0
1140,19.019019,0.016683000,B,0
1141,19.035702,0.016683000,B,0
1142,19.052386,0.016684000,B,0
1143,19.069069,0.016683000,P,0
1144,19.085752,0.016683000,B,0
1145,19.102436,0.016684000,B,0
1146,19.119119,0.016683000,B,0
1147,19.135802,0.016683000,P,0
1148,19.152486,0.016684000,B,0
1149,19.169169,0.016683000,B,0
1150,19.185853,0.016684000,B,0
1151,19.202536,0.016683000,P,0
1152,19.219219,0.016683000,B,0
1153,19.235903,0.016684000,B,0
1154,19.252586,0.016683000,B,0
1155,19.269269,0.016683000,P,0
1156,19.285953,0.016684000,B,0
1157,19.302636,0.016683000,B,0
1158,19.319319,0.016683000,B,0
1159,19.336003,0.016684000,P,0
1160,19.352686,0.016683000,B,0
1161,19.369369,0.016683000,B,0
1162,19.386053,0.016684000,B,0
1163,19.402736,0.016683000,P,0
1164,19.419419,0.016683000,B,0
1165,19.436103,0.016684000,B,0
1166,19.452786,0.016683000,B,0
1167,19.469469,0.016683000,P,0
1168,19.486153,0.016684000,B,0
1169,19.502836,0.016683000,B,0
1170,19.519520,0.016684000,B,0
1171,19.536203,0.016683000,P,0
1172,19.552886,0.016683000,B,0
1173,19.569570,0.016684000,B,0
1174,19.586253,0.016683000,B,0
1175,19.602936,0.016683000,P,0
1176,19.619620,0.016684000,B,0
1177,19.636303,0.016683000,B,0
1178,19.652986,0.016683000,B,0
1179,19.669670,0.016684000,P,0
1180,19.686353,0.016683000,B,0
1181,19.703036,0.016683000,B,0
1182,19.719720,0.016684000,B,0
1183,19.736403,0.016683000,P,0
1184,19.753086,0.016683000,B,0
1185,19.769770,0.016684000,B,0
1186,19.786453,0.016683000,B,0
1187,19.803136,0.016683000,P,0
1188,19.819820,0.016684000,B,0
1189,19.836503,0.016683000,B,0
1190,19.853187,0.016684000,B,0
1191,19.869870,0.016683000,P,0
1192,19.886553,0.016683000,B,0
1193,19.903237,0.016684000,B,0
1194,19.919920,0.016683000,B,0
1195,19.936603,0.016683000,P,0
1196,19.953287,0.016684000,B,0
1197,19.969970,0.016683000,B,0
1198,19.986653,0.016683000,B,0
1199,20.003337,0.016684000,P,0
1200,20.020020,0.016683000,B,0
1201,20.036703,0.016683000,B,0
1202,20.053387,0.016684000,B,0
1203,20.070070,0.016683000,P,0
1204,20.086753,0.016683000,B,0
1205,20.103437,0.016684000,B,0
1206,20.120120,0.016683000,B,0
1207,20.136803,0.016683000,P,0
1208,20.153487,0.016684000,B,0
1209,20.170170,0.016683000,B,0
1210,20.186854,0.016684000,B,0
1211,20.203537,0.016683000,P,0
1212,20.220220,0.016683000,B,0
1213,20.236904,0.016684000,B,0
1214,20.253587,0.016683000,B,0
1215,20.270270,0.016683000,P,0
1216,20.286954,0.016684000,B,0
1217,20.303637,0.016683000,B,0
1218,20.320320,0.016683000,B,0
1219,20.337004,0.016684000,P,0
1220,20.353687,0.016683000,B,0
1221,20.370370,0.016683000,B,0
1222,20.387054,0.016684000,B,0
1223,20.403737,0.016683000,P,0
1224,20.420420,0.016683000,P,0
1225,20.437104,0.016684000,P,0
1226,20.453787,0.016683000,B,0
1227,20.470470,0.016683000,B,0
1228,20.487154,0.016684000,B,0
1229,20.503837,0.016683000,P,0
1230,20.520521,0.016684000,B,0
1231,20.537204,0.016683000,B,0
1232,20.553887,0.016683000,B,0
1233,20.570571,0.016684000,P,0
1234,20.587254,0.016683000,B,0
1235,20.603937,0.016683000,B,0
1236,20.620621,0.016684000,B,0
1237,20.637304,0.016683000,P,0
1238,20.653987,0.016683000,B,0
1239,20.670671,0.016684000,B,0
1240,20.687354,0.016683000,B,0
1241,20.704037,0.016683000,P,0
1242,20.720721,0.016684000,B,0
1243,20.737404,0.016683000,B,0
1244,20.754087,0.016683000,B,0
1245,20.770771,0.016684000,P,0
1246,20.787454,0.016683000,B,0
1247,20.804137,0.016683000,B,0
1248,20.820821,0.016684000,B,0
1249,20.837504,0.016683000,P,0
1250,20.854188,0.016684000,I,1
1251,20.870871,0.016683000,B,0
1252,20.887554,0.016683000,B,0
1253,20.904238,0.016684000,B,0
1254,20.920921,0.016683000,P,0
1255,20.937604,0.016683000,B,0
1256,20.954288,0.016684000,B,0
1257,20.970971,0.016683000,B,0
1258,20.987654,0.016683000,P,0
1259,21.004338,0.016684000,B,0
1260,21.021021,0.016683000,B,0
1261,21.037704,0.016683000,B,0
1262,21.054388,0.016684000,P,0
1263,21.071071,0.016683000,B,0
1264,21.087754,0.016683000,B,0
1265,21.104438,0.016684000,B,0
1266,21.121121,0.016683000,P,0
1267,21.137804,0.016683000,B,0
1268,21.154488,0.016684000,B,0
1269,21.171171,0.016683000,B,0
1270,21.187855,0.016684000,P,0
1271,21.204538,0.016683000,B,0
1272,21.221221,0.016683000,B,0
1273,21.237905,0.016684000,B,0
1274,21.254588,0.016683000,P,0
1275,21.271271,0.016683000,B,0
1276,21.287955,0.016684000,B,0
1277,21.304638,0.016683000,B,0
1278,21.321321,0.016683000,P,0
1279,21.338005,0.016684000,B,0
1280,21.354688,0.016683000,B,0
1281,21.371371,0.016683000,B,0
1282,21.388055,0.016684000,P,0
1283,21.404738,0.016683000,B,0
1284,21.421421,0.016683000,B,0
1285,21.438105,0.016684000,B,0
1286,21.454788,0.016683000,P,0
1287,21.471471,0.016683000,B,0
1288,21.488155,0.016684000,B,0
1289,21.504838,0.016683000,P,0
1290,21.521522,0.016684000,P,0
1291,21.538205,0.016683000,B,0
1292,21.554888,0.016683000,B,0
1293,21.571572,0.016684000,B,0
1294,21.588255,0.016683000,P,0
1295,21.604938,0.016683000,B,0
1296,21.621622,0.016684000,B,0
1297,21.638305,0.016683000,B,0
1298,21.654988,0.016683000,P,0
1299,21.671672,0.016684000,B,0
1300,21.688355,0.016683000,B,0
1301,21.705038,0.016683000,B,0
1302,21.721722,0.016684000,P,0
1303,21.738405,0.016683000,B,0
1304,21.755088,0.016683000,B,0
1305,21.771772,0.016684000,B,0
1306,21.788455,0.016683000,P,0
1307,21.805138,0.016683000,B,0
1308,21.821822,0.016684000,B,0
1309,21.838505,0.016683000,B,0
1310,21.855189,0.016684000,P,0
1311,21.871872,0.016683000,B,0
1312,21.888555,0.016683000,B,0
1313,21.905239,0.016684000,B,0
1314,21.921922,0.016683000,P,0
1315,21.938605,0.016683000,B,0
1316,21.955289,0.016684000,B,0
1317,21.971972,0.016683000,B,0
1318,21.988655,0.016683000,P,0
1319,22.005339,0.016684000,B,0
1320,22.022022,0.016683000,B,0
1321,22.038705,0.016683000,B,0
1322,22.055389,0.016684000,P,0
1323,22.072072,0.016683000,B,0
1324,22.088755,0.016683000,B,0
1325,22.105439,0.016684000,B,0
1326,22.122122,0.016683000,P,0
1327,22.138805,0.016683000,B,0
1328,22.155489,0.016684000,B,0
1329,22.172172,0.016683000,B,0
1330,22.188856,0.016684000,P,0
1331,22.205539,0.016683000,B,0
1332,22.222222,0.016683000,B,0
1333,22.238906,0.016684000,B,0
1334,22.255589,0.016683000,P,0
1335,22.272272,0.016683000,B,0
1336,22.288956,0.016684000,P,0
1337,22.305639,0.016683000,B,0
1338,22.322322,0.016683000,B,0
1339,22.339006,0.016684000,B,0
1340,22.355689,0.016683000,P,0
1341,22.372372,0.016683000,B,0
1342,22.389056,0.016684000,B,0
1343,22.405739,0.016683000,B,0
1344,22.422422,0.016683000,P,0
1345,22.439106,0.016684000,B,0
1346,22.455789,0.016683000,B,0
1347,22.472472,0.016683000,B,0
1348,22.489156,0.016684000,P,0
1349,22.505839,0.016683000,B,0
1350,22.522523,0.016684000,P,0
1351,22.539206,0.016683000,B,0
1352,22.555889,0.016683000,B,0
1353,22.572573,0.016684000,B,0
1354,22.589256,0.016683000,P,0
1355,22.605939,0.016683000,B,0
1356,22.622623,0.016684000,B,0
1357,22.639306,0.016683000,B,0
1358,22.655989,0.016683000,P,0
1359,22.672673,0.016684000,B,0
1360,22.689356,0.016683000,B,0
1361,22.706039,0.016683000,B,0
1362,22.722723,0.016684000,P,0
1363,22.739406,0.016683000,B,0
1364,22.756089,0.016683000,B,0
1365,22.772773,0.016684000,B,0
1366,22.789456,0.016683000,P,0
1367,22.806139,0.016683000,B,0
1368,22.822823,0.016684000,B,0
1369,22.839506,0.016683000,P,0
1370,22.856190,0.016684000,B,0
1371,22.872873,0.016683000,B,0
1372,22.889556,0.016683000,B,0
1373,22.906240,0.016684000,P,0
1374,22.922923,0.016683000,B,0
1375,22.939606,0.016683000,B,0
1376,22.956290,0.016684000,B,0
1377,22.972973,0.016683000,P,0
1378,22.989656,0.016683000,B,0
1379,23.006340,0.016684000,B,0
1380,23.023023,0.016683000,B,0
1381,23.039706,0.016683000,P,0
1382,23.056390,0.016684000,B,0
1383,23.073073,0.016683000,B,0
1384,23.089756,0.016683000,B,0
1385,23.106440,0.016684000,P,0
1386,23.123123,0.016683000,B,0
1387,23.139806,0.016683000,B,0
1388,23.156490,0.016684000,P,0
1389,23.173173,0.016683000,B,0
1390,23.189857,0.016684000,B,0
1391,23.206540,0.016683000,B,0
1392,23.223223,0.016683000,P,0
1393,23.239907,0.016684000,B,0
1394,23.256590,0.016683000,B,0
1395,23.273273,0.016683000,B,0
1396,23.289957,0.016684000,P,0
1397,23.306640,0.016683000,B,0
1398,23.323323,0.016683000,B,0
1399,23.340007,0.016684000,B,0
1400,23.356690,0.016683000,P,0
1401,23.373373,0.016683000,B,0
1402,23.390057,0.016684000,B,0
1403,23.406740,0.016683000,B,0
1404,23.423423,0.016683000,P,0
1405,23.440107,0.016684000,B,0
1406,23.456790,0.016683000,B,0
1407,23.473473,0.016683000,B,0
1408,23.490157,0.016684000,P,0
1409,23.506840,0.016683000,B,0
1410,23.523524,0.016684000,B,0
1411,23.540207,0.016683000,B,0
1412,23.556890,0.016683000,P,0
1413,23.573574,0.016684000,B,0
1414,23.590257,0.016683000,B,0
1415,23.606940,0.016683000,B,0
1416,23.623624,0.016684000,P,0
1417,23.640307,0.016683000,B,0
1418,23.656990,0.016683000,B,0
1419,23.673674,0.016684000,B,0
1420,23.690357,0.016683000,P,0
1421,23.707040,0.016683000,B,0
1422,23.723724,0.016684000,B,0
1423,23.740407,0.016683000,B,0
1424,23.757090,0.016683000,P,0
1425,23.773774,0.016684000,B,0
1426,23.790457,0.016683000,B,0
1427,23.807140,0.016683000,B,0
1428,23.823824,0.016684000,P,0
1429,23.840507,0.016683000,B,0
1430,23.857191,0.016684000,B,0
1431,23.873874,0.016683000,B,0
1432,23.890557,0.016683000,P,0
1433,23.907241,0.016684000,B,0
1434,23.923924,0.016683000,B,0
1435,23.940607,0.016683000,B,0
1436,23.957291,0.016684000,P,0
1437,23.973974,0.016683000,B,0
1438,23.990657,0.016683000,B,0
1439,24.007341,0.016684000,B,0
1440,24.024024,0.016683000,P,0
1441,24.040707,0.016683000,B,0
1442,24.057391,0.016684000,B,0
1443,24.074074,0.016683000,B,0
1444,24.090757,0.016683000,P,0
1445,24.107441,0.016684000,B,0
1446,24.124124,0.016683000,B,0
1447,24.140807,0.016683000,B,0
1448,24.157491,0.016684000,P,0
1449,24.174174,0.016683000,B,0
1450,24.190858,0.016684000,B,0
1451,24.207541,0.016683000,B,0
1452,24.224224,0.016683000,P,0
1453,24.240908,0.016684000,B,0
1454,24.257591,0.016683000,P,0
1455,24.274274,0.016683000,B,0
1456,24.290958,0.016684000,B,0
1457,24.307641,0.016683000,P,0
1458,24.324324,0.016683000,B,0
1459,24.341008,0.016684000,B,0
1460,24.357691,0.016683000,B,0
1461,24.374374,0.016683000,P,0
1462,24.391058,0.016684000,B,0
1463,24.407741,0.016683000,B,0
1464,24.424424,0.016683000,B,0
1465,24.441108,0.016684000,P,0
1466,24.457791,0.016683000,P,0
1467,24.474474,0.016683000,B,0
1468,24.491158,0.016684000,B,0
1469,24.507841,0.016683000,B,0
1470,24.524525,0.016684000,P,0
1471,24.541208,0.016683000,P,0
1472,24.557891,0.016683000,P,0
1473,24.574575,0.016684000,P,0
1474,24.591258,0.016683000,B,0
1475,24.607941,0.016683000,B,0
1476,24.624625,0.016684000,B,0
1477,24.641308,0.016683000,P,0
1478,24.657991,0.016683000,B,0
1479,24.674675,0.016684000,P,0
1480,24.691358,0.016683000,P,0
1481,24.708041,0.016683000,P,0
1482,24.724725,0.016684000,P,0
1483,24.741408,0.016683000,P,0
1484,24.758091,0.016683000,P,0
1485,24.774775,0.016684000,P,0
1486,24.791458,0.016683000,P,0
1487,24.808141,0.016683000,P,0
1488,24.824825,0.016684000,B,0
1489,24.841508,0.016683000,P,0
1490,24.858192,0.016684000,P,0
1491,24.874875,0.016683000,B,0
1492,24.891558,0.016683000,P,0
1493,24.908242,0.016684000,P,0
1494,24.924925,0.016683000,P,0
1495,24.941608,0.016683000,P,0
1496,24.958292,0.016684000,B,0
1497,24.974975,0.016683000,B,0
1498,24.991658,0.016683000,P,0
1499,25.008342,0.016684000,P,0
1500,25.025025,0.016683000,I,1
1501,25.041708,0.016683000,B,0
1502,25.058392,0.016684000,B,0
1503,25.075075,0.016683000,P,0
1504,25.091758,0.016683000,B,0
1505,25.108442,0.016684000,B,0
1506,25.125125,0.016683000,B,0
1507,25.141808,0.016683000,P,0
1508,25.158492,0.016684000,B,0
1509,25.175175,0.016683000,B,0
1510,25.191859,0.016684000,B,0
1511,25.208542,0.016683000,P,0
1512,25.225225,0.016683000,B,0
1513,25.241909,0.016684000,B,0
1514,25.258592,0.016683000,B,0
1515,25.275275,0.016683000,P,0
1516,25.291959,0.016684000,B,0
1517,25.308642,0.016683000,B,0
1518,25.325325,0.016683000,B,0
1519,25.342009,0.016684000,P,0
1520,25.358692,0.016683000,B,0
1521,25.375375,0.016683000,B,0
1522,25.392059,0.016684000,B,0
1523,25.408742,0.016683000,P,0
1524,25.425425,0.016683000,B,0
1525,25.442109,0.016684000,B,0
1526,25.458792,0.016683000,B,0
1527,25.475475,0.016683000,P,0
1528,25.492159,0.016684000,B,0
1529,25.508842,0.016683000,B,0
1530,25.525526,0.016684000,B,0
1531,25.542209,0.016683000,P,0
1532,25.558892,0.016683000,B,0
1533,25.575576,0.016684000,B,0
1534,25.592259,0.016683000,B,0
1535,25.608942,0.016683000,P,0
1536,25.625626,0.016684000,B,0
1537,25.642309,0.016683000,B,0
1538,25.658992,0.016683000,B,0
1539,25.675676,0.016684000,P,0
1540,25.692359,0.016683000,B,0
1541,25.709042,0.016683000,B,0
1542,25.725726,0.016684000,B,0
1543,25.742409,0.016683000,P,0
1544,25.759092,0.016683000,B,0
1545,25.775776,0.016684000,B,0
1546,25.792459,0.016683000,B,0
1547,25.809142,0.016683000,P,0
1548,25.825826,0.016684000,B,0
1549,25.842509,0.016683000,B,0
1550,25.859193,0.016684000,B,0
1551,25.875876,0.016683000,P,0
1552,25.892559,0.016683000,B,0
1553,25.909243,0.016684000,B,0
1554,25.925926,0.016683000,B,0
1555,25.942609,0.016683000,P,0
1556,25.959293,0.016684000,B,0
1557,25.975976,0.016683000,B,0
1558,25.992659,0.016683000,B,0
1559,26.009343,0.016684000,P,0
1560,26.026026,0.016683000,B,0
1561,26.042709,0.016683000,B,0
1562,26.059393,0.016684000,B,0
1563,26.076076,0.016683000,P,0
1564,26.092759,0.016683000,B,0
1565,26.109443,0.016684000,B,0
1566,26.126126,0.016683000,P,0
1567,26.142809,0.016683000,P,0
1568,26.159493,0.016684000,B,0
1569,26.176176,0.016683000,B,0
1570,26.192860,0.016684000,B,0
1571,26.209543,0.016683000,P,0
1572,26.226226,0.016683000,B,0
1573,26.242910,0.016684000,B,0
1574,26.259593,0.016683000,B,0
1575,26.276276,0.016683000,P,0
1576,26.292960,0.016684000,B,0
1577,26.309643,0.016683000,B,0
1578,26.326326,0.016683000,B,0
1579,26.343010,0.016684000,P,0
1580,26.359693,0.016683000,B,0
1581,26.376376,0.016683000,B,0
1582,26.393060,0.016684000,B,0
1583,26.409743,0.016683000,P,0
1584,26.426426,0.016683000,B,0
1585,26.443110,0.016684000,B,0
1586,26.459793,0.016683000,B,0
1587,26.476476,0.016683000,P,0
1588,26.493160,0.016684000,B,0
1589,26.509843,0.016683000,B,0
1590,26.526527,0.016684000,B,0
1591,26.543210,0.016683000,P,0
1592,26.559893,0.016683000,B,0
1593,26.576577,0.016684000,B,0
1594,26.593260,0.016683000,B,0
1595,26.609943,0.016683000,P,0
1596,26.626627,0.016684000,B,0
1597,26.643310,0.016683000,B,0
1598,26.659993,0.016683000,B,0
1599,26.676677,0.016684000,P,0
1600,26.693360,0.016683000,B,0
1601,26.710043,0.016683000,B,0
1602,26.726727,0.016684000,B,0
1603,26.743410,0.016683000,P,0
1604,26.760093,0.016683000,B,0
1605,26.776777,0.016684000,B,0
1606,26.793460,0.016683000,P,0
1607,26.810143,0.016683000,B,0
1608,26.826827,0.016684000,B,0
1609,26.843510,0.016683000,B,0
1610,26.860194,0.016684000,P,0
1611,26.876877,0.016683000,I,1
1612,26.893560,0.016683000,B,0
1613,26.910244,0.016684000,B,0
1614,26.926927,0.016683000,B,0
1615,26.943610,0.016683000,P,0
1616,26.960294,0.016684000,B,0
1617,26.976977,0.016683000,B,0
1618,26.993660,0.016683000,B,0
1619,27.010344,0.016684000,P,0
1620,27.027027,0.016683000,B,0
1621,27.043710,0.016683000,B,0
1622,27.060394,0.016684000,B,0
1623,27.077077,0.016683000,P,0
1624,27.093760,0.016683000,B,0
1625,27.110444,0.016684000,B,0
1626,27.127127,0.016683000,P,0
1627,27.143810,0.016683000,B,0
1628,27.160494,0.016684000,B,0
1629,27.177177,0.016683000,P,0
1630,27.193861,0.016684000,P,0
1631,27.210544,0.016683000,B,0
1632,27.227227,0.016683000,B,0
1633,27.243911,0.016684000,P,0
1634,27.260594,0.016683000,P,0
1635,27.277277,0.016683000,B,0
1636,27.293961,0.016684000,P,0
1637,27.310644,0.016683000,B,0
1638,27.327327,0.016683000,P,0
1639,27.344011,0.016684000,B,0
1640,27.360694,0.016683000,P,0
1641,27.377377,0.016683000,B,0
1642,27.394061,0.016684000,P,0
1643,27.410744,0.016683000,B,0
1644,27.427427,0.016683000,P,0
1645,27.444111,0.016684000,B,0
1646,27.460794,0.016683000,P,0
1647,27.477477,0.016683000,B,0
1648,27.494161,0.016684000,P,0
1649,27.510844,0.016683000,B,0
1650,27.527528,0.016684000,P,0
1651,27.544211,0.016683000,P,0
1652,27.560894,0.016683000,P,0
1653,27.577578,0.016684000,P,0
1654,27.594261,0.016683000,B,0
1655,27.610944,0.016683000,P,0
1656,27.627628,0.016684000,B,0
1657,27.644311,0.016683000,P,0
1658,27.660994,0.016683000,B,0
1659,27.677678,0.016684000,P,0
1660,27.694361,0.016683000,P,0
1661,27.711044,0.016683000,B,0
1662,27.727728,0.016684000,P,0
1663,27.744411,0.016683000,B,0
1664,27.761094,0.016683000,B,0
1665,27.777778,0.016684000,P,0
1666,27.794461,0.016683000,B,0
1667,27.811144,0.016683000,P,0
1668,27.827828,0.016684000,B,0
1669,27.844511,0.016683000,B,0
1670,27.861195,0.016684000,B,0
1671,27.877878,0.016683000,P,0
1672,27.894561,0.016683000,B,0
1673,27.911245,0.016684000,P,0
1674,27.927928,0.016683000,B,0
1675,27.944611,0.016683000,B,0
1676,27.961295,0.016684000,B,0
1677,27.977978,0.016683000,P,0
1678,27.994661,0.016683000,B,0
1679,28.011345,0.016684000,B,0
1680,28.028028,0.016683000,B,0
1681,28.044711,0.016683000,P,0
1682,28.061395,0.016684000,P,0
1683,28.078078,0.016683000,P,0
1684,28.094761,0.016683000,B,0
1685,28.111445,0.016684000,P,0
1686,28.128128,0.016683000,P,0
1687,28.144811,0.016683000,P,0
1688,28.161495,0.016684000,B,0
1689,28.178178,0.016683000,P,0
1690,28.194862,0.016684000,B,0
1691,28.211545,0.016683000,P,0
1692,28.228228,0.016683000,B,0
1693,28.244912,0.016684000,P,0
1694,28.261595,0.016683000,B,0
1695,28.278278,0.016683000,P,0
1696,28.294962,0.016684000,B,0
1697,28.311645,0.016683000,B,0
1698,28.328328,0.016683000,B,0
1699,28.345012,0.016684000,P,0
1700,28.361695,0.016683000,B,0
1701,28.378378,0.016683000,B,0
1702,28.395062,0.016684000,B,0
1703,28.411745,0.016683000,P,0
1704,28.428428,0.016683000,B,0
1705,28.445112,0.016684000,B,0
1706,28.461795,0.016683000,B,0
1707,28.478478,0.016683000,P,0
1708,28.495162,0.016684000,B,0
1709,28.511845,0.016683000,B,0
1710,28.528529,0.016684000,B,0
1711,28.545212,0.016683000,P,0
1712,28.561895,0.016683000,B,0
1713,28.578579,0.016684000,B,0
1714,28.595262,0.016683000,B,0
1715,28.611945,0.016683000,P,0
1716,28.628629,0.016684000,B,0
1717,28.645312,0.016683000,P,0
1718,28.661995,0.016683000,B,0
1719,28.678679,0.016684000,B,0
1720,28.695362,0.016683000,P,0
1721,28.712045,0.016683000,B,0
1722,28.728729,0.016684000,B,0
1723,28.745412,0.016683000,B,0
1724,28.762095,0.016683000,P,0
1725,28.778779,0.016684000,B,0
1726,28.795462,0.016683000,B,0
1727,28.812145,0.016683000,B,0
1728,28.828829,0.016684000,P,0
1729,28.845512,0.016683000,P,0
1730,28.862196,0.016684000,B,0
1731,28.878879,0.016683000,B,0
1732,28.895562,0.016683000,B,0
1733,28.912246,0.016684000,P,0
1734,28.928929,0.016683000,B,0
1735,28.945612,0.016683000,B,0
1736,28.962296,0.016684000,B,0
1737,28.978979,0.016683000,P,0
1738,28.995662,0.016683000,B,0
1739,29.012346,0.016684000,B,0
1740,29.029029,0.016683000,B,0
1741,29.045712,0.016683000,P,0
1742,29.062396,0.016684000,P,0
1743,29.079079,0.016683000,P,0
1744,29.095762,0.016683000,P,0
1745,29.112446,0.016684000,B,0
1746,29.129129,0.016683000,B,0
1747,29.145812,0.016683000,P,0
1748,29.162496,0.016684000,P,0
1749,29.179179,0.016683000,I,1
1750,29.195863,0.016684000,P,0
1751,29.212546,0.016683000,P,0
1752,29.229229,0.016683000,B,0
1753,29.245913,0.016684000,B,0
1754,29.262596,0.016683000,P,0
1755,29.279279,0.016683000,B,0
1756,29.295963,0.016684000,P,0
1757,29.312646,0.016683000,B,0
1758,29.329329,0.016683000,B,0
1759,29.346013,0.016684000,P,0
1760,29.362696,0.016683000,P,0
1761,29.379379,0.016683000,P,0
1762,29.396063,0.016684000,B,0
1763,29.412746,0.016683000,B,0
1764,29.429429,0.016683000,P,0
1765,29.446113,0.016684000,P,0
1766,29.462796,0.016683000,P,0
1767,29.479479,0.016683000,B,0
1768,29.496163,0.016684000,P,0
1769,29.512846,0.016683000,B,0
1770,29.529530,0.016684000,B,0
1771,29.546213,0.016683000,B,0
1772,29.562896,0.016683000,P,0
1773,29.579580,0.016684000,B,0
1774,29.596263,0.016683000,B,0
1775,29.612946,0.016683000,B,0
1776,29.629630,0.016684000,P,0
1777,29.646313,0.016683000,P,0
1778,29.662996,0.016683000,P,0
1779,29.679680,0.016684000,P,0
1780,29.696363,0.016683000,P,0
1781,29.713046,0.016683000,P,0
1782,29.729730,0.016684000,P,0
1783,29.746413,0.016683000,B,0
1784,29.763096,0.016683000,B,0
1785,29.779780,0.016684000,B,0
1786,29.796463,0.016683000,P,0
1787,29.813146,0.016683000,B,0
1788,29.829830,0.016684000,B,0
1789,29.846513,0.016683000,B,0
1790,29.863197,0.016684000,P,0
1791,29.879880,0.016683000,B,0
1792,29.896563,0.016683000,B,0
1793,29.913247,0.016684000,B,0
1794,29.929930,0.016683000,P,0
1795,29.946613,0.016683000,B,0
1796,29.963297,0.016684000,B,0
1797,29.979980,0.016683000,B,0
1798,29.996663,0.016683000,P,0
1799,30.013347,0.016684000,B,0
1800,30.030030,0.016683000,P,0
1801,30.046713,0.016683000,B,0
1802,30.063397,0.016684000,B,0
1803,30.080080,0.016683000,B,0
1804,30.096763,0.016683000,P,0
1805,30.113447,0.016684000,B,0
1806,30.130130,0.016683000,B,0
1807,30.146813,0.016683000,B,0
1808,30.163497,0.016684000,P,0
1809,30.180180,0.016683000,B,0
1810,30.196864,0.016684000,P,0
1811,30.213547,0.016683000,B,0
1812,30.230230,0.016683000,P,0
1813,30.246914,0.016684000,P,0
1814,30.263597,0.016683000,B,0
1815,30.280280,0.016683000,B,0
1816,30.296964,0.016684000,B,0
1817,30.313647,0.016683000,P,0
1818,30.330330,0.016683000,B,0
1819,30.347014,0.016684000,B,0
1820,30.363697,0.016683000,B,0
1821,30.380380,0.016683000,P,0
1822,30.397064,0.016684000,B,0
1823,30.413747,0.016683000,B,0
1824,30.430430,0.016683000,B,0
1825,30.447114,0.016684000,P,0
1826,30.463797,0.016683000,B,0
1827,30.480480,0.016683000,B,0
1828,30.497164,0.016684000,B,0
1829,30.513847,0.016683000,P,0
1830,30.530531,0.016684000,B,0
1831,30.547214,0.016683000,B,0
1832,30.563897,0.016683000,B,0
1833,30.580581,0.016684000,P,0
1834,30.597264,0.016683000,B,0
1835,30.613947,0.016683000,B,0
1836,30.630631,0.016684000,B,0
1837,30.647314,0.016683000,P,0
1838,30.663997,0.016683000,B,0
1839,30.680681,0.016684000,B,0
1840,30.697364,0.016683000,B,0
1841,30.714047,0.016683000,P,0
1842,30.730731,0.016684000,B,0
1843,30.747414,0.016683000,B,0
1844,30.764097,0.016683000,B,0
1845,30.780781,0.016684000,P,0
1846,30.797464,0.016683000,B,0
1847,30.814147,0.016683000,B,0
1848,30.830831,0.016684000,B,0
1849,30.847514,0.016683000,P,0
1850,30.864198,0.016684000,B,0
1851,30.880881,0.016683000,B,0
1852,30.897564,0.016683000,B,0
1853,30.914248,0.016684000,P,0
1854,30.930931,0.016683000,B,0
1855,30.947614,0.016683000,B,0
1856,30.964298,0.016684000,B,0
1857,30.980981,0.016683000,P,0
1858,30.997664,0.016683000,B,0
1859,31.014348,0.016684000,B,0
1860,31.031031,0.016683000,P,0
1861,31.047714,0.016683000,P,0
1862,31.064398,0.016684000,P,0
1863,31.081081,0.016683000,I,1
1864,31.097764,0.016683000,B,0
1865,31.114448,0.016684000,P,0
1866,31.131131,0.016683000,B,0
1867,31.147814,0.016683000,B,0
1868,31.164498,0.016684000,B,0
1869,31.181181,0.016683000,P,0
1870,31.197865,0.016684000,B,0
1871,31.214548,0.016683000,B,0
1872,31.231231,0.016683000,B,0
1873,31.247915,0.016684000,P,0
1874,31.264598,0.016683000,B,0
1875,31.281281,0.016683000,P,0
1876,31.297965,0.016684000,B,0
1877,31.314648,0.016683000,B,0
1878,31.331331,0.016683000,P,0
1879,31.348015,0.016684000,B,0
1880,31.364698,0.016683000,B,0
1881,31.381381,0.016683000,B,0
1882,31.398065,0.016684000,P,0
1883,31.414748,0.016683000,B,0
1884,31.431431,0.016683000,B,0
1885,31.448115,0.016684000,B,0
1886,31.464798,0.016683000,P,0
1887,31.481481,0.016683000,B,0
1888,31.498165,0.016684000,B,0
1889,31.514848,0.016683000,B,0
1890,31.531532,0.016684000,P,0
1891,31.548215,0.016683000,B,0
1892,31.564898,0.016683000,B,0
1893,31.581582,0.016684000,B,0
1894,31.598265,0.016683000,P,0
1895,31.614948,0.016683000,B,0
1896,31.631632,0.016684000,P,0
1897,31.648315,0.016683000,B,0
1898,31.664998,0.016683000,B,0
1899,31.681682,0.016684000,B,0
1900,31.698365,0.016683000,P,0
1901,31.715048,0.016683000,P,0
1902,31.731732,0.016684000,P,0
1903,31.748415,0.016683000,B,0
1904,31.765098,0.016683000,B,0
1905,31.781782,0.016684000,B,0
1906,31.798465,0.016683000,P,0
1907,31.815148,0.016683000,B,0
1908,31.831832,0.016684000,B,0
1909,31.848515,0.016683000,B,0
1910,31.865199,0.016684000,P,0
1911,31.881882,0.016683000,B,0
1912,31.898565,0.016683000,B,0
1913,31.915249,0.016684000,B,0
1914,31.931932,0.016683000,P,0
1915,31.948615,0.016683000,P,0
1916,31.965299,0.016684000,I,1
1917,31.981982,0.016683000,B,0
1918,31.998665,0.016683000,B,0
1919,32.015349,0.016684000,P,0
1920,32.032032,0.016683000,B,0
1921,32.048715,0.016683000,P,0
1922,32.065399,0.016684000,B,0
1923,32.082082,0.016683000,B,0
1924,32.098765,0.016683000,P,0
1925,32.115449,0.016684000,B,0
1926,32.132132,0.016683000,B,0
1927,32.148815,0.016683000,B,0
1928,32.165499,0.016684000,P,0
1929,32.182182,0.016683000,B,0
1930,32.198866,0.016684000,B,0
1931,32.215549,0.016683000,B,0
1932,32.232232,0.016683000,P,0
1933,32.248916,0.016684000,B,0
1934,32.265599,0.016683000,B,0
1935,32.282282,0.016683000,P,0
1936,32.298966,0.016684000,B,0
1937,32.315649,0.016683000,P,0
1938,32.332332,0.016683000,P,0
1939,32.349016,0.016684000,P,0
1940,32.365699,0.016683000,I,0
1941,32.382382,0.016683000,P,0
1942,32.399066,0.016684000,B,0
1943,32.415749,0.016683000,P,0
1944,32.432432,0.016683000,P,0
1945,32.449116,0.016684000,B,0
1946,32.465799,0.016683000,B,0
1947,32.482482,0.016683000,B,0
1948,32.499166,0.016684000,P,0
1949,32.515849,0.016683000,P,0
1950,32.532533,0.016684000,P,0
1951,32.549216,0.016683000,B,0
1952,32.565899,0.016683000,B,0
1953,32.582583,0.016684000,P,0
1954,32.599266,0.016683000,B,0
1955,32.615949,0.016683000,P,0
1956,32.632633,0.016684000,B,0
1957,32.649316,0.016683000,B,0
1958,32.665999,0.016683000,B,0
1959,32.682683,0.016684000,P,0
1960,32.699366,0.016683000,B,0
1961,32.716049,0.016683000,B,0
1962,32.732733,0.016684000,P,0
1963,32.749416,0.016683000,P,0
1964,32.766099,0.016683000,P,0
1965,32.782783,0.016684000,B,0
1966,32.799466,0.016683000,B,0
1967,32.816149,0.016683000,B,0
1968,32.832833,0.016684000,P,0
1969,32.849516,0.016683000,B,0
1970,32.866200,0.016684000,B,0
1971,32.882883,0.016683000,B,0
1972,32.899566,0.016683000,P,0
1973,32.916250,0.016684000,B,0
1974,32.932933,0.016683000,P,0
1975,32.949616,0.016683000,B,0
1976,32.966300,0.016684000,B,0
1977,32.982983,0.016683000,P,0
1978,32.999666,0.016683000,P,0
1979,33.016350,0.016684000,B,0
1980,33.033033,0.016683000,B,0
1981,33.049716,0.016683000,P,0
1982,33.066400,0.016684000,P,0
1983,33.083083,0.016683000,P,0
1984,33.099766,0.016683000,B,0
1985,33.116450,0.016684000,P,0
1986,33.133133,0.016683000,P,0
1987,33.149816,0.016683000,P,0
1988,33.166500,0.016684000,I,1
1989,33.183183,0.016683000,B,0
1990,33.199867,0.016684000,B,0
1991,33.216550,0.016683000,B,0
1992,33.233233,0.016683000,P,0
1993,33.249917,0.016684000,B,0
1994,33.266600,0.016683000,B,0
1995,33.283283,0.016683000,B,0
1996,33.299967,0.016684000,P,0
1997,33.316650,0.016683000,B,0
1998,33.333333,0.016683000,P,0
1999,33.350017,0.016684000,B,0
2000,33.366700,0.016683000,B,0
2001,33.383383,0.016683000,P,0
2002,33.400067,0.016684000,B,0
2003,33.416750,0.016683000,P,0
2004,33.433433,0.016683000,B,0
2005,33.450117,0.016684000,P,0
2006,33.466800,0.016683000,B,0
2007,33.483483,0.016683000,P,0
2008,33.500167,0.016684000,B,0
2009,33.516850,0.016683000,B,0
2010,33.533534,0.016684000,B,0
2011,33.550217,0.016683000,P,0
2012,33.566900,0.016683000,B,0
2013,33.583584,0.016684000,B,0
2014,33.600267,0.016683000,P,0
2015,33.616950,0.016683000,B,0
2016,33.633634,0.016684000,P,0
2017,33.650317,0.016683000,P,0
2018,33.667000,0.016683000,P,0
2019,33.683684,0.016684000,B,0
2020,33.700367,0.016683000,P,0
2021,33.717050,0.016683000,B,0
2022,33.733734,0.016684000,B,0
2023,33.750417,0.016683000,P,0
2024,33.767100,0.016683000,I,1
2025,33.783784,0.016684000,B,0
2026,33.800467,0.016683000,P,0
2027,33.817150,0.016683000,P,0
2028,33.833834,0.016684000,P,0
2029,33.850517,0.016683000,P,0
2030,33.867201,0.016684000,B,0
2031,33.883884,0.016683000,B,0
2032,33.900567,0.016683000,B,0
2033,33.917251,0.016684000,P,0
2034,33.933934,0.016683000,B,0
2035,33.950617,0.016683000,B,0
2036,33.967301,0.016684000,B,0
2037,33.983984,0.016683000,P,0
2038,34.000667,0.016683000,B,0
2039,34.017351,0.016684000,B,0
2040,34.034034,0.016683000,B,0
2041,34.050717,0.016683000,P,0
2042,34.067401,0.016684000,B,0
2043,34.084084,0.016683000,B,0
2044,34.100767,0.016683000,B,0
2045,34.117451,0.016684000,P,0
2046,34.134134,0.016683000,B,0
2047,34.150817,0.016683000,B,0
2048,34.167501,0.016684000,B,0
2049,34.184184,0.016683000,P,0
2050,34.200868,0.016684000,B,0
2051,34.217551,0.016683000,B,0
2052,34.234234,0.016683000,P,0
2053,34.250918,0.016684000,B,0
2054,34.267601,0.016683000,B,0
2055,34.284284,0.016683000,B,0
2056,34.300968,0.016684000,P,0
2057,34.317651,0.016683000,P,0
2058,34.334334,0.016683000,P,0
2059,34.351018,0.016684000,P,0
2060,34.367701,0.016683000,P,0
2061,34.384384,0.016683000,P,0
2062,34.401068,0.016684000,I,1
2063,34.417751,0.016683000,B,0
2064,34.434434,0.016683000,P,0
2065,34.451118,0.016684000,B,0
2066,34.467801,0.016683000,B,0
2067,34.484484,0.016683000,B,0
2068,34.501168,0.016684000,P,0
2069,34.517851,0.016683000,B,0
2070,34.534535,0.016684000,B,0
2071,34.551218,0.016683000,B,0
2072,34.567901,0.016683000,P,0
2073,34.584585,0.016684000,B,0
2074,34.601268,0.016683000,B,0
2075,34.617951,0.016683000,P,0
2076,34.634635,0.016684000,B,0
2077,34.651318,0.016683000,B,0
2078,34.668001,0.016683000,B,0
2079,34.684685,0.016684000,P,0
2080,34.701368,0.016683000,P,0
2081,34.718051,0.016683000,P,0
2082,34.734735,0.016684000,B,0
2083,34.751418,0.016683000,P,0
2084,34.768101,0.016683000,P,0
2085,34.784785,0.016684000,P,0
2086,34.801468,0.016683000,P,0
2087,34.818151,0.016683000,P,0
2088,34.834835,0.016684000,B,0
2089,34.851518,0.016683000,B,0
2090,34.868202,0.016684000,P,0
2091,34.884885,0.016683000,B,0
2092,34.901568,0.016683000,P,0
2093,34.918252,0.016684000,P,0
2094,34.934935,0.016683000,B,0
2095,34.951618,0.016683000,P,0
2096,34.968302,0.016684000,B,0
2097,34.984985,0.016683000,P,0
2098,35.001668,0.016683000,B,0
2099,35.018352,0.016684000,B,0
2100,35.035035,0.016683000,B,0
2101,35.051718,0.016683000,P,0
2102,35.068402,0.016684000,P,0
2103,35.085085,0.016683000,B,0
2104,35.101768,0.016683000,B,0
2105,35.118452,0.016684000,P,0
2106,35.135135,0.016683000,P,0
2107,35.151818,0.016683000,B,0
2108,35.168502,0.016684000,B,0
2109,35.185185,0.016683000,B,0
2110,35.201869,0.016684000,P,0
2111,35.218552,0.016683000,P,0
2112,35.235235,0.016683000,B,0
2113,35.251919,0.016684000,P,0
2114,35.268602,0.016683000,B,0
2115,35.285285,0.016683000,P,0
2116,35.301969,0.016684000,B,0
2117,35.318652,0.016683000,B,0
2118,35.335335,0.016683000,B,0
2119,35.352019,0.016684000,P,0
2120,35.368702,0.016683000,B,0
2121,35.385385,0.016683000,B,0
2122,35.402069,0.016684000,B,0
2123,35.418752,0.016683000,P,0
2124,35.435435,0.016683000,B,0
2125,35.452119,0.016684000,B,0
2126,35.468802,0.016683000,B,0
2127,35.485485,0.016683000,P,0
2128,35.502169,0.016684000,B,0
2129,35.518852,0.016683000,B,0
2130,35.535536,0.016684000,B,0
2131,35.552219,0.016683000,P,0
2132,35.568902,0.016683000,B,0
2133,35.585586,0.016684000,P,0
2134,35.602269,0.016683000,B,0
2135,35.618952,0.016683000,P,0
2136,35.635636,0.016684000,B,0
2137,35.652319,0.016683000,P,0
2138,35.669002,0.016683000,B,0
2139,35.685686,0.016684000,P,0
2140,35.702369,0.016683000,B,0
2141,35.719052,0.016683000,B,0
2142,35.735736,0.016684000,B,0
2143,35.752419,0.016683000,P,0
2144,35.769102,0.016683000,B,0
2145,35.785786,0.016684000,B,0
2146,35.802469,0.016683000,B,0
2147,35.819152,0.016683000,P,0
2148,35.835836,0.016684000,B,0
2149,35.852519,0.016683000,B,0
2150,35.869203,0.016684000,B,0
2151,35.885886,0.016683000,P,0
2152,35.902569,0.016683000,B,0
2153,35.919253,0.016684000,B,0
2154,35.935936,0.016683000,B,0
2155,35.952619,0.016683000,P,0
2156,35.969303,0.016684000,B,0
2157,35.985986,0.016683000,B,0
2158,36.002669,0.016683000,B,0
2159,36.019353,0.016684000,P,0
2160,36.036036,0.016683000,B,0
2161,36.052719,0.016683000,B,0
2162,36.069403,0.016684000,B,0
2163,36.086086,0.016683000,P,0
2164,36.102769,0.016683000,P,0
2165,36.119453,0.016684000,B,0
2166,36.136136,0.016683000,B,0
2167,36.152819,0.016683000,B,0
2168,36.169503,0.016684000,P,0
2169,36.186186,0.016683000,B,0
2170,36.202870,0.016684000,B,0
2171,36.219553,0.016683000,B,0
2172,36.236236,0.016683000,P,0
2173,36.252920,0.016684000,B,0
2174,36.269603,0.016683000,B,0
2175,36.286286,0.016683000,B,0
2176,36.302970,0.016684000,P,0
2177,36.319653,0.016683000,B,0
2178,36.336336,0.016683000,B,0
2179,36.353020,0.016684000,B,0
2180,36.369703,0.016683000,P,0
2181,36.386386,0.016683000,B,0
2182,36.403070,0.016684000,B,0
2183,36.419753,0.016683000,B,0
2184,36.436436,0.016683000,P,0
2185,36.453120,0.016684000,B,0
2186,36.469803,0.016683000,B,0
2187,36.486486,0.016683000,B,0
2188,36.503170,0.016684000,P,0
2189,36.519853,0.016683000,B,0
2190,36.536537,0.016684000,P,0
2191,36.553220,0.016683000,B,0
2192,36.569903,0.016683000,B,0
2193,36.586587,0.016684000,B,0
2194,36.603270,0.016683000,P,0
2195,36.619953,0.016683000,B,0
2196,36.636637,0.016684000,B,0
2197,36.653320,0.016683000,B,0
2198,36.670003,0.016683000,P,0
2199,36.686687,0.016684000,P,0
2200,36.703370,0.016683000,P,0
2201,36.720053,0.016683000,B,0
2202,36.736737,0.016684000,B,0
2203,36.753420,0.016683000,P,0
